{"resources":{"menu.file.screenshot":"Publish Screenshot...","menu.view":"View","menu.view.theme":"Background","menu.file.recent":"Open Recent","menu.file":"File","dialog.updater.statusLoadingApplication":"Download new version...","menu.file.closeBrowser":"Close Window","menu.view.zoomIn":"Zoom In","menu.view.outline":"Outline","menu.view.profile":"Profile","menu.help.online":"Online Documentation","menu.view.fullScreen":"Full Screen","dialog.profile.size":"Size","dialog.updater.statusError":"Sorry, update can't be completed :-(","menu.view.zoomOut":"Zoom Out","menu.file.openDocument":"Open...","menu.file.preferences.lockResize":"Lock Window Size","menu.file.preferences.autoUpdate":"Check for Update on Startup","dialog.updater.statusLatest":"You have latest version","menu.file.preferences.stats":"Show Stats","menu.file.preferences.autoReopen":"Open Last Document on Startup","menu.file.publishAs":"Publish As...","menu.file.newWindow":"New Window","dialog.profile.title":"Profile Settings","dialog.updater.statusLoadingDescriptor":"Connect to update server...","menu.file.newDocument":"New Document...","menu.help.update":"Check for Update...","button.cancel":"Cancel","menu.navigate":"Navigate","dialog.updater.statusHasUpdate":"Version {0} is available","menu.file.recent.clear":"Clear","menu.view.profile.custom":"Custom...","menu.file.closeDocument":"Close Document","menu.file.preferences.alwaysOnTop":"Always On Top","menu.help":"Help","dialog.updater.title":"Check for updates","menu.view.theme.light":"Light","menu.view.theme.dark":"Dark","dialog.profile.DPI":"DPI","menu.file.preferences":"Preferences","button.accept":"Accept","menu.navigate.gotoTemplate":"Go to Template","dialog.profile.CSF":"CSF","menu.view.rotate":"Rotate","menu.navigate.gotoFolder":"Go to Document Folder"},"templates":{"Message":{"ref":"Message","tag":"message","build":[{"attributes":[["text","Message","file","/path/to/file","layout","flow"]],"tags":["message","div"],"type":"begin"},{"attributes":[["id","file","text","@file"]],"tags":["txt"],"type":"begin"},{"type":"end"},{"attributes":[["id","text","text","@text"]],"tags":["txt"],"type":"begin"},{"type":"end"},{"type":"end"}]},"Checkbox":{"ref":"Checkbox","tag":"checkbox","build":[{"attributes":[["type","checkbox","label","Checkbox","layout","flow"]],"tags":["checkbox","div"],"type":"begin"},{"attributes":[["source","@image"]],"tags":["img"],"type":"begin"},{"type":"end"},{"attributes":[["text","@label","alignSelf","center","marginTop","1px"]],"tags":["txt"],"type":"begin"},{"type":"end"},{"type":"end"}]},"ProfilePopup":{"ref":"ProfilePopup","build":[{"attributes":[["class","popup","layout","flow","orientation","vertical"]],"tags":["div"],"type":"begin"},{"attributes":[["text","$dialog.profile.title","padding","8px"]],"tags":["txt"],"type":"begin"},{"type":"end"},{"attributes":[["layout","flow","orientation","vertical","gap","8px","padding","8px","width","*","fill","#4e5051"]],"tags":["div"],"type":"begin"},{"attributes":[["layout","flow","width","100%","gap","8px"]],"tags":["div"],"type":"begin"},{"attributes":[["text","$dialog.profile.size","width","*","height","*","halign","left","valign","center"]],"tags":["txt"],"type":"begin"},{"type":"end"},{"attributes":[["id","width","width","48"],["type","input"]],"tags":["input","txt"],"type":"begin"},{"type":"end"},{"attributes":[["text","x","valignSelf","center","margin","none -6px none -4px"]],"tags":["txt"],"type":"begin"},{"type":"end"},{"attributes":[["id","height","width","48"],["type","input"]],"tags":["input","txt"],"type":"begin"},{"type":"end"},{"type":"end"},{"attributes":[["layout","flow","width","100%"]],"tags":["div"],"type":"begin"},{"attributes":[["text","$dialog.profile.DPI","halign","left","valign","center","width","*","height","*"]],"tags":["txt"],"type":"begin"},{"type":"end"},{"attributes":[["id","dpi","width","48"],["type","input"]],"tags":["input","txt"],"type":"begin"},{"type":"end"},{"type":"end"},{"attributes":[["layout","flow","width","100%"]],"tags":["div"],"type":"begin"},{"attributes":[["text","$dialog.profile.CSF","halign","left","valign","center","width","*","height","*"]],"tags":["txt"],"type":"begin"},{"type":"end"},{"attributes":[["id","csf","width","48"],["type","input"]],"tags":["input","txt"],"type":"begin"},{"type":"end"},{"type":"end"},{"type":"end"},{"attributes":[["layout","flow","halignSelf","center","margin","none","gap","8px","padding","8px","width","150px"]],"tags":["div"],"type":"begin"},{"attributes":[["id","accept","label","$button.accept","width","*","class","action"],["text","@label"]],"tags":["button","txt"],"type":"begin"},{"type":"end"},{"attributes":[["id","cancel","label","$button.cancel","width","*"],["text","@label"]],"tags":["button","txt"],"type":"begin"},{"type":"end"},{"type":"end"},{"type":"end"}]},"Button":{"ref":"Button","tag":"button","build":[{"attributes":[["text","@label"]],"tags":["button","txt"],"type":"begin"},{"type":"end"}]},"UpdatePopup":{"ref":"UpdatePopup","build":[{"attributes":[["class","popup","layout","flow","orientation","vertical","width","330px"]],"tags":["div"],"type":"begin"},{"attributes":[["text","$dialog.updater.title","margin","8px"]],"tags":["txt"],"type":"begin"},{"type":"end"},{"attributes":[["layout","flow","fill","#4e5051","width","100%","orientation","horizontal","padding","8px","wrap","true"]],"tags":["div"],"type":"begin"},{"attributes":[["id","info","valignSelf","center","text","UPDATE_STATUS","width","*","height","16px"]],"tags":["txt"],"type":"begin"},{"type":"end"},{"attributes":[["layout","anchor","width","20px","height","20px"]],"tags":["div"],"type":"begin"},{"attributes":[["id","details","pivot","50%","source","$drop_down","cursor","button"]],"tags":["img"],"type":"begin"},{"type":"end"},{"attributes":[["id","spinner","pivot","50%","source","$spinner_small"]],"tags":["img"],"type":"begin"},{"type":"end"},{"type":"end"},{"type":"end"},{"attributes":[["id","detailsInfo","text","UPDATE_INFO","width","266px","padding","8px","marginTop","2px","fontColor","#888888"]],"tags":["txt"],"type":"begin"},{"type":"end"},{"attributes":[["layout","flow","halignSelf","center","margin","none","gap","8px","padding","8px","width","100%","halign","right"]],"tags":["div"],"type":"begin"},{"attributes":[["id","update","label","Update","class","action"],["text","@label"]],"tags":["button","txt"],"type":"begin"},{"type":"end"},{"attributes":[["id","cancel","label","Cancel"],["text","@label"]],"tags":["button","txt"],"type":"begin"},{"type":"end"},{"type":"end"},{"type":"end"}]},"GoToPopup":{"ref":"GoToPopup","build":[{"attributes":[["class","popup","id","goto","layout","flow","orientation","vertical"]],"tags":["div"],"type":"begin"},{"attributes":[["width","300px","margin","4px"],["type","input"]],"tags":["input","txt"],"type":"begin"},{"type":"end"},{"attributes":[[]],"tags":["txt"],"type":"begin"},{"type":"end"},{"attributes":[[]],"tags":["txt"],"type":"begin"},{"type":"end"},{"attributes":[[]],"tags":["txt"],"type":"begin"},{"type":"end"},{"attributes":[[]],"tags":["txt"],"type":"begin"},{"type":"end"},{"attributes":[[]],"tags":["txt"],"type":"begin"},{"type":"end"},{"attributes":[[]],"tags":["txt"],"type":"begin"},{"type":"end"},{"type":"end"}]},"Interface":{"ref":"Interface","build":[{"attributes":[["id","interface","width","100%","height","100%","layout","anchor","class","dark"]],"tags":["div"],"type":"begin"},{"attributes":[["id","container","width","100%","height","100%"]],"tags":["div"],"type":"begin"},{"type":"end"},{"attributes":[["id","messages","top","0px","width","100%","layout","flow","orientation","vertical","gap","1px"]],"tags":["div"],"type":"begin"},{"type":"end"},{"attributes":[["id","popups","width","100%","height","100%","layout","flow","halign","center","valign","center"]],"tags":["div"],"type":"begin"},{"type":"end"},{"attributes":[["id","drag","width","100%","height","100%"]],"tags":["div"],"type":"begin"},{"type":"end"},{"type":"end"}]},"Input":{"ref":"Input","tag":"input","build":[{"attributes":[["type","input"]],"tags":["input","txt"],"type":"begin"},{"type":"end"}]}},"styles":[{"attributes":["fontName","Source_Sans_Pro","fontSize","13px"],"selector":"*"},{"attributes":["fontSize","13px","fontColor","white","fontSharpness","-1","fill","$bg_dialog","fillStretchGrid","18px","padding","17px","margin","-17px"],"selector":".popup"},{"attributes":["width","*","height","35px","align","left center","padding","0 11px","touchMode","leaf","touchEvents","true","cursor","button"],"selector":"#goto txt"},{"attributes":["fill","#4e5051"],"selector":"#goto txt:nth-child(2n)"},{"attributes":["fill","#555859"],"selector":"#goto txt:hover"},{"attributes":["fill","#406079"],"selector":"#goto txt.selected"},{"attributes":["fill","$input_error"],"selector":"input:error"},{"attributes":["fill","$input_focus"],"selector":"input:focus"},{"attributes":["fill","$input_normal","fillStretchGrid","10px","cursor","ibeam","margin","-4px","padding","8px","height","35px","fontColor","white"],"selector":"input"},{"attributes":["fill","$button_over"],"selector":"button:hover"},{"attributes":["fill","$button_down"],"selector":"button:active"},{"attributes":["text","Button","fill","$button_normal","fillStretchGrid","4px","fontSize","13px","fontColor","#F0F1F1","align","center","padding","0.5em","touchMode","leaf","touchEvents","true","cursor","button"],"selector":"button"},{"attributes":["fill","$button_action_over"],"selector":"button.action:hover"},{"attributes":["fill","$button_action_down"],"selector":"button.action:active"},{"attributes":["fill","$button_action_normal","fontColor","#FFFFFF"],"selector":"button.action"},{"attributes":["fontColor","#FFFFFF","marginTop","-2px","ivalign","center"],"selector":"checkbox txt"},{"attributes":["image","$checkbox_unckecked_down"],"selector":"checkbox:active"},{"attributes":["cursor","button","touchMode","leaf","touchEvents","true","fontColor","white","gap","2px","image","$checkbox_unckecked_normal"],"selector":"checkbox"},{"attributes":["fillMode","repeat"],"selector":"#interface #container"},{"attributes":["fill","$drag","fillStretchGrid","8px"],"selector":"#interface #drag.active"},{"attributes":["fill","$('bg_dark')"],"selector":"#interface.dark #container"},{"attributes":["fill","$('bg_light')"],"selector":"#interface.light #container"},{"attributes":["width","100%","padding","1em"],"selector":"message"},{"attributes":["fill","black","fillAlpha","0.5"],"selector":".dark message"},{"attributes":["fontColor","#0088FF"],"selector":".dark message #file"},{"attributes":["fontColor","#FF8800"],"selector":".dark message.error"},{"attributes":["fontColor","#FFFF00"],"selector":".dark message.warning"},{"attributes":["fill","white","fillAlpha","0.7"],"selector":".light message"},{"attributes":["fontColor","#0044CC"],"selector":".light message #file"},{"attributes":["fontColor","#880000"],"selector":".light message.error"},{"attributes":["fontColor","#888800"],"selector":".light message.warning"}],"type":"application/x-talon-cache"}