<?xml version="1.0"?>
<prototype id="interface">
  <node width="100%" height="100%" layout="abs">

	  <node id="container" class="transparent"/>
	  <node id="shade" width="100%" height="100%" backgroundColor="black" alpha="0.7"/>
	  <node id="popups" width="100%" height="100%" layout="flow" halign="center" valign="center"/>

	  <!--<message orientation="horizontal" width="100%">-->
		  <!--<image width="24px" height="24px" src="res(msg_type_error)"/>-->
		  <!--<node orientation="vertical" height="*" valign="center">-->
			  <!--<label text="Can't access to file C:\Projects\Interface\Game\src\img\background.png" />-->
		  <!--</node>-->
	  <!--</message>-->

  </node>
</prototype>
