{"resources":{"menu.view.profile.custom":"Custom...","dialog.profile.CSF":"CSF","color.blue":"#406079","menu.view.profile":"Profile","menu.view.fullScreen":"Full Screen","menu.file.preferences.autoReopen":"Startup: Open Last Document","menu.file.newDocument":"New Document...","menu.file":"File","menu.file.openDocument":"Open...","menu.file.recent.clear":"Clear","menu.view.theme.light":"Light","menu.view.outline":"Outline","color.base3":"#4e5051","menu.file.closeDocument":"Close Document","menu.file.preferences.autoUpdate":"Startup: Check for Update","menu.file.screenshot":"Publish Screenshot...","menu.file.newWindow":"New Window","dialog.updater.statusError":"Sorry, update can't be completed :-(","menu.navigate.gotoFolder":"Go to Document Folder","dialog.updater.title":"Check for updates","dialog.updater.statusLoadingApplication":"Download new version...","dialog.profile.title":"Profile Settings","menu.view.theme.dark":"Dark","menu.file.preferences.texturePacker":"Tool: Texture Packer","menu.view.zoomOut":"Zoom Out","menu.navigate":"Navigate","menu.view.theme":"Background","button.cancel":"Cancel","menu.view.rotate":"Rotate","menu.file.preferences.lockResize":"Window: Lock Size","menu.file.recent":"Open Recent","menu.help":"Help","dialog.profile.size":"Size","menu.view.zoomIn":"Zoom In","button.accept":"Accept","menu.file.preferences":"Preferences","dialog.updater.statusHasUpdate":"Version {0} is available","dialog.updater.statusLatest":"You have latest version","menu.help.update":"Check for Update...","menu.file.publishAs":"Publish As...","menu.help.online":"Online Documentation","menu.file.preferences.stats":"Tool: Staring's Stats","dialog.updater.statusLoadingDescriptor":"Connect to update server...","menu.navigate.gotoTemplate":"Go to Template","dialog.profile.DPI":"DPI","color.base2":"#484b4c","menu.file.closeBrowser":"Close Window","menu.file.preferences.alwaysOnTop":"Window: Always On Top","menu.view":"View","color.base1":"#424647"},"styles":[{"attributes":["fontName","Source_Sans_Pro","fontSize","13px"],"selector":"*"},{"attributes":["fontSize","13px","fontColor","white","fontSharpness","-1","fill","$bg_dialog","fillStretchGrid","18px","padding","17px","margin","-17px"],"selector":".popup"},{"attributes":["width","*","height","35px","align","left center","padding","0 11px","touchMode","leaf","touchEvents","true","cursor","button"],"selector":"#goto txt"},{"attributes":["fill","#4e5051"],"selector":"#goto txt:nth-child(2n)"},{"attributes":["fill","#555859"],"selector":"#goto txt:hover"},{"attributes":["fill","#406079"],"selector":"#goto txt.selected"},{"attributes":["fill","$input_error"],"selector":"input:error"},{"attributes":["fill","$input_focus"],"selector":"input:focus"},{"attributes":["fill","$input_normal","fillStretchGrid","10px","cursor","ibeam","margin","-4px","padding","8px","height","35px","fontColor","white"],"selector":"input"},{"attributes":["fill","$button_over"],"selector":"button:hover"},{"attributes":["fill","$button_down"],"selector":"button:active"},{"attributes":["text","Button","fill","$button_normal","fillStretchGrid","4px","fontSize","13px","fontColor","#F0F1F1","align","center","padding","0.5em","touchMode","leaf","touchEvents","true","cursor","button"],"selector":"button"},{"attributes":["fill","$button_action_over"],"selector":"button.action:hover"},{"attributes":["fill","$button_action_down"],"selector":"button.action:active"},{"attributes":["fill","$button_action_normal","fontColor","#FFFFFF"],"selector":"button.action"},{"attributes":["fontColor","#FFFFFF","marginTop","-2px","ivalign","center"],"selector":"checkbox txt"},{"attributes":["image","$checkbox_unckecked_down"],"selector":"checkbox:active"},{"attributes":["cursor","button","touchMode","leaf","touchEvents","true","fontColor","white","gap","2px","image","$checkbox_unckecked_normal"],"selector":"checkbox"},{"attributes":["fillMode","repeat"],"selector":"#interface #container"},{"attributes":["fill","$drag","fillStretchGrid","8px"],"selector":"#interface #drag.active"},{"attributes":["fill","$('bg_dark')"],"selector":"#interface.dark #container"},{"attributes":["fill","$('bg_light')"],"selector":"#interface.light #container"},{"attributes":["width","100%","padding","1em"],"selector":"message"},{"attributes":["fill","black","fillAlpha","0.5"],"selector":".dark message"},{"attributes":["fontColor","#0088FF"],"selector":".dark message #file"},{"attributes":["fontColor","#FF8800"],"selector":".dark message.error"},{"attributes":["fontColor","#FFFF00"],"selector":".dark message.warning"},{"attributes":["fill","white","fillAlpha","0.7"],"selector":".light message"},{"attributes":["fontColor","#0044CC"],"selector":".light message #file"},{"attributes":["fontColor","#880000"],"selector":".light message.error"},{"attributes":["fontColor","#888800"],"selector":".light message.warning"},{"attributes":["fill","$bg_side","fillStretchGrid","none 8px none none","paddingRight","6px","fontColor","#F0F1F1"],"selector":".Inspector"},{"attributes":["//fill","#595B5B","fill","$color.base1"],"selector":".Inspector .header"},{"attributes":["touchEvents","true","fill","white","fillAlpha","0"],"selector":".Inspector .separator"},{"attributes":["fill","#333333","fillAlpha","1"],"selector":".Inspector .separator:hover"},{"attributes":["fill","$drop_right","fillTint","gray","fillMode","none","fillAlign","left center","align","left center","padding","6px 6px 6px 16px","touchMode","leaf","touchEvents","true","cursor","button"],"selector":".Inspector .toggle"},{"attributes":["fillTint","white"],"selector":".Inspector .toggle:hover"},{"attributes":["touchMode","branch","touchEvents","true","cursor","button","fill","$color.base2"],"selector":".TreeItem"},{"attributes":["fill","$color.base1"],"selector":".TreeItem:hover"},{"attributes":["fill","$color.blue"],"selector":".TreeItem:checked"},{"attributes":["fontColor","#888888","touchEvents","true"],"selector":".TreeItem #info"},{"attributes":["fontColor","#00BFFF"],"selector":".TreeItem #info:hover"},{"attributes":["fill","$color.base3"],"selector":".Attribute:nth-child(2n)"},{"attributes":["fill","$color.base1"],"selector":".Attribute:hover"},{"attributes":["fill","$color.base2","touchEvents","true","fontColor","#888888"],"selector":".Attribute"},{"attributes":["fontColor","white"],"selector":".Attribute.setted"},{"attributes":["fill","white","fillAlpha","0","touchMode","branch","touchEvents","true","cursor","button"],"selector":".Attribute #right"},{"attributes":["alpha","0","tint","gray","touchEvents","true"],"selector":".Attribute #right #delete"},{"attributes":["alpha","1"],"selector":".Attribute #right:hover #delete"},{"attributes":["tint","white"],"selector":".Attribute #right:hover #delete:hover"}],"type":"application/x-talon-cache","templates":{"Interface":{"ref":"Interface","build":[{"attributes":[["id","interface","width","100%","height","100%","layout","anchor","class","dark"]],"tags":["div"],"type":"begin"},{"attributes":[["id","container","width","100%","height","100%"]],"tags":["div"],"type":"begin"},{"type":"end"},{"attributes":[["id","messages","top","0px","width","100%","layout","flow","orientation","vertical","gap","1px"]],"tags":["div"],"type":"begin"},{"type":"end"},{"attributes":[["id","popups","width","100%","height","100%","layout","flow","halign","center","valign","center"]],"tags":["div"],"type":"begin"},{"type":"end"},{"attributes":[["id","drag","width","100%","height","100%"]],"tags":["div"],"type":"begin"},{"type":"end"},{"type":"end"}]},"Checkbox":{"build":[{"attributes":[["type","checkbox","text","Checkbox","layout","flow"]],"tags":["checkbox","div"],"type":"begin"},{"attributes":[["source","@image"]],"tags":["img"],"type":"begin"},{"type":"end"},{"attributes":[["text","@text","alignSelf","center","marginTop","1px"]],"tags":["txt"],"type":"begin"},{"type":"end"},{"type":"end"}],"ref":"Checkbox","tag":"checkbox"},"ProfilePopup":{"ref":"ProfilePopup","build":[{"attributes":[["class","popup","layout","flow","orientation","vertical"]],"tags":["div"],"type":"begin"},{"attributes":[["text","$dialog.profile.title","padding","8px"]],"tags":["txt"],"type":"begin"},{"type":"end"},{"attributes":[["layout","flow","orientation","vertical","gap","8px","padding","8px","width","*","fill","#4e5051"]],"tags":["div"],"type":"begin"},{"attributes":[["layout","flow","width","100%","gap","8px"]],"tags":["div"],"type":"begin"},{"attributes":[["text","$dialog.profile.size","width","*","height","*","halign","left","valign","center"]],"tags":["txt"],"type":"begin"},{"type":"end"},{"attributes":[["id","width","width","48"],["type","input"]],"tags":["input","txt"],"type":"begin"},{"type":"end"},{"attributes":[["text","x","valignSelf","center","margin","none -6px none -4px"]],"tags":["txt"],"type":"begin"},{"type":"end"},{"attributes":[["id","height","width","48"],["type","input"]],"tags":["input","txt"],"type":"begin"},{"type":"end"},{"type":"end"},{"attributes":[["layout","flow","width","100%"]],"tags":["div"],"type":"begin"},{"attributes":[["text","$dialog.profile.DPI","halign","left","valign","center","width","*","height","*"]],"tags":["txt"],"type":"begin"},{"type":"end"},{"attributes":[["id","dpi","width","48"],["type","input"]],"tags":["input","txt"],"type":"begin"},{"type":"end"},{"type":"end"},{"attributes":[["layout","flow","width","100%"]],"tags":["div"],"type":"begin"},{"attributes":[["text","$dialog.profile.CSF","halign","left","valign","center","width","*","height","*"]],"tags":["txt"],"type":"begin"},{"type":"end"},{"attributes":[["id","csf","width","48"],["type","input"]],"tags":["input","txt"],"type":"begin"},{"type":"end"},{"type":"end"},{"type":"end"},{"attributes":[["layout","flow","halignSelf","center","margin","none","gap","8px","padding","8px","width","150px"]],"tags":["div"],"type":"begin"},{"attributes":[["id","accept","label","$button.accept","width","*","class","action"],["text","@label"]],"tags":["button","txt"],"type":"begin"},{"type":"end"},{"attributes":[["id","cancel","label","$button.cancel","width","*"],["text","@label"]],"tags":["button","txt"],"type":"begin"},{"type":"end"},{"type":"end"},{"type":"end"}]},"Message":{"build":[{"attributes":[["text","Message","file","/path/to/file","layout","flow"]],"tags":["message","div"],"type":"begin"},{"attributes":[["id","file","text","@file"]],"tags":["txt"],"type":"begin"},{"type":"end"},{"attributes":[["id","text","text","@text"]],"tags":["txt"],"type":"begin"},{"type":"end"},{"type":"end"}],"ref":"Message","tag":"message"},"PromisePopup":{"ref":"PromisePopup","build":[{"attributes":[["class","popup","layout","flow","orientation","vertical","width","330px"]],"tags":["div"],"type":"begin"},{"attributes":[["id","header","text","POPUP_HEADER","margin","8px"]],"tags":["txt"],"type":"begin"},{"type":"end"},{"attributes":[["layout","flow","fill","#4e5051","width","100%","orientation","horizontal","padding","8px","wrap","true"]],"tags":["div"],"type":"begin"},{"attributes":[["id","status","valignSelf","center","text","POPUP_STATUS","width","*","height","16px"]],"tags":["txt"],"type":"begin"},{"type":"end"},{"attributes":[["layout","anchor","width","20px","height","20px"]],"tags":["div"],"type":"begin"},{"attributes":[["id","details","pivot","50%","source","$drop_down","cursor","button"]],"tags":["img"],"type":"begin"},{"type":"end"},{"attributes":[["id","spinner","pivot","50%","source","$spinner_small"]],"tags":["img"],"type":"begin"},{"type":"end"},{"type":"end"},{"type":"end"},{"attributes":[["id","detailsInfo","text","POPUP_DETAILS","width","266px","padding","8px","marginTop","2px","fontColor","#888888"]],"tags":["txt"],"type":"begin"},{"type":"end"},{"attributes":[["layout","flow","halignSelf","center","margin","none","gap","8px","padding","8px","width","100%","halign","right"]],"tags":["div"],"type":"begin"},{"attributes":[["id","cancel","label","Cancel"],["text","@label"]],"tags":["button","txt"],"type":"begin"},{"type":"end"},{"type":"end"},{"type":"end"}]},"Input":{"build":[{"attributes":[["type","input"]],"tags":["input","txt"],"type":"begin"},{"type":"end"}],"ref":"Input","tag":"input"},"Inspector":{"ref":"Inspector","build":[{"attributes":[["class","Inspector","left","0","width","220","height","100%","layout","flow","orientation","vertical"]],"tags":["div"],"type":"begin"},{"attributes":[["class","header","text","Tree","width","100%","padding","6px"]],"tags":["txt"],"type":"begin"},{"type":"end"},{"attributes":[["id","tree","width","100%","layout","flow","orientation","vertical"]],"tags":["div"],"type":"begin"},{"attributes":[["text","div","paddingLeft","4","icon","$drop_right"],["class","TreeItem","layout","flow","text","div","info","","width","100%","paddingLeft","4px"]],"tags":["div"],"type":"begin"},{"attributes":[["id","text","class","toggle","alignSelf","center","text","@text","width","*","fill","@icon"]],"tags":["txt"],"type":"begin"},{"type":"end"},{"attributes":[["id","info","alignSelf","center","text","@info","marginRight","4px"]],"tags":["txt"],"type":"begin"},{"type":"end"},{"type":"end"},{"attributes":[["text","div","paddingLeft","18","icon","$drop_right"],["class","TreeItem","layout","flow","text","div","info","","width","100%","paddingLeft","4px"]],"tags":["div"],"type":"begin"},{"attributes":[["id","text","class","toggle","alignSelf","center","text","@text","width","*","fill","@icon"]],"tags":["txt"],"type":"begin"},{"type":"end"},{"attributes":[["id","info","alignSelf","center","text","@info","marginRight","4px"]],"tags":["txt"],"type":"begin"},{"type":"end"},{"type":"end"},{"attributes":[["text","txt","paddingLeft","18","icon","none"],["class","TreeItem","layout","flow","text","div","info","","width","100%","paddingLeft","4px"]],"tags":["div"],"type":"begin"},{"attributes":[["id","text","class","toggle","alignSelf","center","text","@text","width","*","fill","@icon"]],"tags":["txt"],"type":"begin"},{"type":"end"},{"attributes":[["id","info","alignSelf","center","text","@info","marginRight","4px"]],"tags":["txt"],"type":"begin"},{"type":"end"},{"type":"end"},{"attributes":[["text","div#accept","paddingLeft","18","icon","$drop_down"],["class","TreeItem","layout","flow","text","div","info","","width","100%","paddingLeft","4px"]],"tags":["div"],"type":"begin"},{"attributes":[["id","text","class","toggle","alignSelf","center","text","@text","width","*","fill","@icon"]],"tags":["txt"],"type":"begin"},{"type":"end"},{"attributes":[["id","info","alignSelf","center","text","@info","marginRight","4px"]],"tags":["txt"],"type":"begin"},{"type":"end"},{"type":"end"},{"attributes":[["text","div#item1","paddingLeft","32","icon","$drop_right","info","TreeItem"],["class","TreeItem","layout","flow","text","div","info","","width","100%","paddingLeft","4px"]],"tags":["div"],"type":"begin"},{"attributes":[["id","text","class","toggle","alignSelf","center","text","@text","width","*","fill","@icon"]],"tags":["txt"],"type":"begin"},{"type":"end"},{"attributes":[["id","info","alignSelf","center","text","@info","marginRight","4px"]],"tags":["txt"],"type":"begin"},{"type":"end"},{"type":"end"},{"attributes":[["text","div#item2","paddingLeft","32","icon","$drop_right","info","TreeItem"],["class","TreeItem","layout","flow","text","div","info","","width","100%","paddingLeft","4px"]],"tags":["div"],"type":"begin"},{"attributes":[["id","text","class","toggle","alignSelf","center","text","@text","width","*","fill","@icon"]],"tags":["txt"],"type":"begin"},{"type":"end"},{"attributes":[["id","info","alignSelf","center","text","@info","marginRight","4px"]],"tags":["txt"],"type":"begin"},{"type":"end"},{"type":"end"},{"attributes":[["text","div#item3","paddingLeft","32","icon","$drop_right","info","TreeItem"],["class","TreeItem","layout","flow","text","div","info","","width","100%","paddingLeft","4px"]],"tags":["div"],"type":"begin"},{"attributes":[["id","text","class","toggle","alignSelf","center","text","@text","width","*","fill","@icon"]],"tags":["txt"],"type":"begin"},{"type":"end"},{"attributes":[["id","info","alignSelf","center","text","@info","marginRight","4px"]],"tags":["txt"],"type":"begin"},{"type":"end"},{"type":"end"},{"attributes":[["text","img","paddingLeft","18","icon","none"],["class","TreeItem","layout","flow","text","div","info","","width","100%","paddingLeft","4px"]],"tags":["div"],"type":"begin"},{"attributes":[["id","text","class","toggle","alignSelf","center","text","@text","width","*","fill","@icon"]],"tags":["txt"],"type":"begin"},{"type":"end"},{"attributes":[["id","info","alignSelf","center","text","@info","marginRight","4px"]],"tags":["txt"],"type":"begin"},{"type":"end"},{"type":"end"},{"type":"end"},{"attributes":[["class","header","layout","flow","width","100%"]],"tags":["div"],"type":"begin"},{"attributes":[["text","Name","width","50%","padding","6px"]],"tags":["txt"],"type":"begin"},{"type":"end"},{"attributes":[["text","Value","width","50%","padding","6px"]],"tags":["txt"],"type":"begin"},{"type":"end"},{"type":"end"},{"attributes":[["id","attributes","width","100%","layout","flow","orientation","vertical"]],"tags":["div"],"type":"begin"},{"attributes":[["name","fill","value","#FF0000"],["class","Attribute","width","100%","layout","flow","name","Name","value","Value","composite","0","paddingLeft","4px"]],"tags":["div"],"type":"begin"},{"attributes":[["id","name","alignSelf","center","class","toggle","text","@name","width","50%","fillAlpha","@composite"]],"tags":["txt"],"type":"begin"},{"type":"end"},{"attributes":[["id","right","layout","flow","width","50%"]],"tags":["div"],"type":"begin"},{"attributes":[["id","value","text","@value","width","*","padding","6px"]],"tags":["txt"],"type":"begin"},{"type":"end"},{"attributes":[["id","delete","source","$delete","alignSelf","center","marginRight","4"]],"tags":["img"],"type":"begin"},{"type":"end"},{"type":"end"},{"type":"end"},{"attributes":[["name","fillMode","value","stretch","composite","1"],["class","Attribute","width","100%","layout","flow","name","Name","value","Value","composite","0","paddingLeft","4px"]],"tags":["div"],"type":"begin"},{"attributes":[["id","name","alignSelf","center","class","toggle","text","@name","width","50%","fillAlpha","@composite"]],"tags":["txt"],"type":"begin"},{"type":"end"},{"attributes":[["id","right","layout","flow","width","50%"]],"tags":["div"],"type":"begin"},{"attributes":[["id","value","text","@value","width","*","padding","6px"]],"tags":["txt"],"type":"begin"},{"type":"end"},{"attributes":[["id","delete","source","$delete","alignSelf","center","marginRight","4"]],"tags":["img"],"type":"begin"},{"type":"end"},{"type":"end"},{"type":"end"},{"attributes":[["name","padding","value","none","composite","1"],["class","Attribute","width","100%","layout","flow","name","Name","value","Value","composite","0","paddingLeft","4px"]],"tags":["div"],"type":"begin"},{"attributes":[["id","name","alignSelf","center","class","toggle","text","@name","width","50%","fillAlpha","@composite"]],"tags":["txt"],"type":"begin"},{"type":"end"},{"attributes":[["id","right","layout","flow","width","50%"]],"tags":["div"],"type":"begin"},{"attributes":[["id","value","text","@value","width","*","padding","6px"]],"tags":["txt"],"type":"begin"},{"type":"end"},{"attributes":[["id","delete","source","$delete","alignSelf","center","marginRight","4"]],"tags":["img"],"type":"begin"},{"type":"end"},{"type":"end"},{"type":"end"},{"attributes":[["name","align","value","top left","composite","1"],["class","Attribute","width","100%","layout","flow","name","Name","value","Value","composite","0","paddingLeft","4px"]],"tags":["div"],"type":"begin"},{"attributes":[["id","name","alignSelf","center","class","toggle","text","@name","width","50%","fillAlpha","@composite"]],"tags":["txt"],"type":"begin"},{"type":"end"},{"attributes":[["id","right","layout","flow","width","50%"]],"tags":["div"],"type":"begin"},{"attributes":[["id","value","text","@value","width","*","padding","6px"]],"tags":["txt"],"type":"begin"},{"type":"end"},{"attributes":[["id","delete","source","$delete","alignSelf","center","marginRight","4"]],"tags":["img"],"type":"begin"},{"type":"end"},{"type":"end"},{"type":"end"},{"attributes":[["name","text","value","Label"],["class","Attribute","width","100%","layout","flow","name","Name","value","Value","composite","0","paddingLeft","4px"]],"tags":["div"],"type":"begin"},{"attributes":[["id","name","alignSelf","center","class","toggle","text","@name","width","50%","fillAlpha","@composite"]],"tags":["txt"],"type":"begin"},{"type":"end"},{"attributes":[["id","right","layout","flow","width","50%"]],"tags":["div"],"type":"begin"},{"attributes":[["id","value","text","@value","width","*","padding","6px"]],"tags":["txt"],"type":"begin"},{"type":"end"},{"attributes":[["id","delete","source","$delete","alignSelf","center","marginRight","4"]],"tags":["img"],"type":"begin"},{"type":"end"},{"type":"end"},{"type":"end"},{"type":"end"},{"type":"end"}]},"TreeItem":{"ref":"TreeItem","build":[{"attributes":[["class","TreeItem","layout","flow","text","div","info","","width","100%","paddingLeft","4px"]],"tags":["div"],"type":"begin"},{"attributes":[["id","text","class","toggle","alignSelf","center","text","@text","width","*","fill","@icon"]],"tags":["txt"],"type":"begin"},{"type":"end"},{"attributes":[["id","info","alignSelf","center","text","@info","marginRight","4px"]],"tags":["txt"],"type":"begin"},{"type":"end"},{"type":"end"}]},"Button":{"build":[{"attributes":[["text","@label"]],"tags":["button","txt"],"type":"begin"},{"type":"end"}],"ref":"Button","tag":"button"},"GoToPopup":{"ref":"GoToPopup","build":[{"attributes":[["class","popup","id","goto","layout","flow","orientation","vertical"]],"tags":["div"],"type":"begin"},{"attributes":[["width","300px","margin","4px"],["type","input"]],"tags":["input","txt"],"type":"begin"},{"type":"end"},{"attributes":[[]],"tags":["txt"],"type":"begin"},{"type":"end"},{"attributes":[[]],"tags":["txt"],"type":"begin"},{"type":"end"},{"attributes":[[]],"tags":["txt"],"type":"begin"},{"type":"end"},{"attributes":[[]],"tags":["txt"],"type":"begin"},{"type":"end"},{"attributes":[[]],"tags":["txt"],"type":"begin"},{"type":"end"},{"attributes":[[]],"tags":["txt"],"type":"begin"},{"type":"end"},{"type":"end"}]},"Attribute":{"ref":"Attribute","build":[{"attributes":[["class","Attribute","width","100%","layout","flow","name","Name","value","Value","composite","0","paddingLeft","4px"]],"tags":["div"],"type":"begin"},{"attributes":[["id","name","alignSelf","center","class","toggle","text","@name","width","50%","fillAlpha","@composite"]],"tags":["txt"],"type":"begin"},{"type":"end"},{"attributes":[["id","right","layout","flow","width","50%"]],"tags":["div"],"type":"begin"},{"attributes":[["id","value","text","@value","width","*","padding","6px"]],"tags":["txt"],"type":"begin"},{"type":"end"},{"attributes":[["id","delete","source","$delete","alignSelf","center","marginRight","4"]],"tags":["img"],"type":"begin"},{"type":"end"},{"type":"end"},{"type":"end"}]}}}