{"templates":{"Message":{"build":[{"type":"begin","tags":["message","div"],"attributes":[["text","Message","file","/path/to/file","layout","flow"]]},{"type":"begin","tags":["txt"],"attributes":[["id","file","text","@file"]]},{"type":"end"},{"type":"begin","tags":["txt"],"attributes":[["id","text","text","@text"]]},{"type":"end"},{"type":"end"}],"ref":"Message","tag":"message"},"GoToPopup":{"ref":"GoToPopup","build":[{"type":"begin","tags":["div"],"attributes":[["class","popup","id","goto","layout","flow","orientation","vertical"]]},{"type":"begin","tags":["input","txt"],"attributes":[["width","300px","margin","4px"],["type","input"]]},{"type":"end"},{"type":"begin","tags":["txt"],"attributes":[[]]},{"type":"end"},{"type":"begin","tags":["txt"],"attributes":[[]]},{"type":"end"},{"type":"begin","tags":["txt"],"attributes":[[]]},{"type":"end"},{"type":"begin","tags":["txt"],"attributes":[[]]},{"type":"end"},{"type":"begin","tags":["txt"],"attributes":[[]]},{"type":"end"},{"type":"begin","tags":["txt"],"attributes":[[]]},{"type":"end"},{"type":"end"}]},"Checkbox":{"build":[{"type":"begin","tags":["checkbox","div"],"attributes":[["type","checkbox","label","Checkbox","layout","flow"]]},{"type":"begin","tags":["img"],"attributes":[["source","@image"]]},{"type":"end"},{"type":"begin","tags":["txt"],"attributes":[["text","@label","alignSelf","center","marginTop","1px"]]},{"type":"end"},{"type":"end"}],"ref":"Checkbox","tag":"checkbox"},"ProfilePopup":{"ref":"ProfilePopup","build":[{"type":"begin","tags":["div"],"attributes":[["class","popup","layout","flow","orientation","vertical"]]},{"type":"begin","tags":["txt"],"attributes":[["text","$dialog.profile.title","padding","8px"]]},{"type":"end"},{"type":"begin","tags":["div"],"attributes":[["layout","flow","orientation","vertical","gap","8px","padding","8px","width","*","fill","#4e5051"]]},{"type":"begin","tags":["div"],"attributes":[["layout","flow","width","100%","gap","8px"]]},{"type":"begin","tags":["txt"],"attributes":[["text","$dialog.profile.size","width","*","height","*","halign","left","valign","center"]]},{"type":"end"},{"type":"begin","tags":["input","txt"],"attributes":[["id","width","width","48"],["type","input"]]},{"type":"end"},{"type":"begin","tags":["txt"],"attributes":[["text","x","valignSelf","center","margin","none -6px none -4px"]]},{"type":"end"},{"type":"begin","tags":["input","txt"],"attributes":[["id","height","width","48"],["type","input"]]},{"type":"end"},{"type":"end"},{"type":"begin","tags":["div"],"attributes":[["layout","flow","width","100%"]]},{"type":"begin","tags":["txt"],"attributes":[["text","$dialog.profile.DPI","halign","left","valign","center","width","*","height","*"]]},{"type":"end"},{"type":"begin","tags":["input","txt"],"attributes":[["id","dpi","width","48"],["type","input"]]},{"type":"end"},{"type":"end"},{"type":"begin","tags":["div"],"attributes":[["layout","flow","width","100%"]]},{"type":"begin","tags":["txt"],"attributes":[["text","$dialog.profile.CSF","halign","left","valign","center","width","*","height","*"]]},{"type":"end"},{"type":"begin","tags":["input","txt"],"attributes":[["id","csf","width","48"],["type","input"]]},{"type":"end"},{"type":"end"},{"type":"end"},{"type":"begin","tags":["div"],"attributes":[["layout","flow","halignSelf","center","margin","none","gap","8px","padding","8px","width","150px"]]},{"type":"begin","tags":["button","txt"],"attributes":[["id","accept","label","$button.accept","width","*","class","action"],["text","@label"]]},{"type":"end"},{"type":"begin","tags":["button","txt"],"attributes":[["id","cancel","label","$button.cancel","width","*"],["text","@label"]]},{"type":"end"},{"type":"end"},{"type":"end"}]},"Button":{"build":[{"type":"begin","tags":["button","txt"],"attributes":[["text","@label"]]},{"type":"end"}],"ref":"Button","tag":"button"},"Input":{"build":[{"type":"begin","tags":["input","txt"],"attributes":[["type","input"]]},{"type":"end"}],"ref":"Input","tag":"input"},"Interface":{"ref":"Interface","build":[{"type":"begin","tags":["div"],"attributes":[["id","interface","width","100%","height","100%","layout","anchor","class","dark"]]},{"type":"begin","tags":["div"],"attributes":[["id","container","width","100%","height","100%"]]},{"type":"end"},{"type":"begin","tags":["img"],"attributes":[["id","spinner","source","$spinner_large","pivot","50%"]]},{"type":"end"},{"type":"begin","tags":["div"],"attributes":[["id","messages","top","0px","width","100%","layout","flow","orientation","vertical","gap","1px"]]},{"type":"end"},{"type":"begin","tags":["div"],"attributes":[["id","popups","width","100%","height","100%","layout","flow","halign","center","valign","center"]]},{"type":"end"},{"type":"begin","tags":["div"],"attributes":[["id","drag","width","100%","height","100%"]]},{"type":"end"},{"type":"end"}]},"UpdatePopup":{"ref":"UpdatePopup","build":[{"type":"begin","tags":["div"],"attributes":[["class","popup","layout","flow","orientation","vertical","width","330px"]]},{"type":"begin","tags":["txt"],"attributes":[["text","$dialog.updater.title","margin","8px"]]},{"type":"end"},{"type":"begin","tags":["div"],"attributes":[["layout","flow","fill","#4e5051","width","100%","orientation","horizontal","padding","8px","wrap","true"]]},{"type":"begin","tags":["txt"],"attributes":[["id","info","valignSelf","center","text","UPDATE_STATUS","width","*","height","16px"]]},{"type":"end"},{"type":"begin","tags":["div"],"attributes":[["layout","anchor","width","20px","height","20px"]]},{"type":"begin","tags":["img"],"attributes":[["id","details","pivot","50%","source","$drop_down","cursor","button"]]},{"type":"end"},{"type":"begin","tags":["img"],"attributes":[["id","spinner","pivot","50%","source","$spinner_small"]]},{"type":"end"},{"type":"end"},{"type":"end"},{"type":"begin","tags":["txt"],"attributes":[["id","detailsInfo","text","UPDATE_INFO","width","266px","padding","8px","marginTop","2px","fontColor","#888888"]]},{"type":"end"},{"type":"begin","tags":["div"],"attributes":[["layout","flow","halignSelf","center","margin","none","gap","8px","padding","8px","width","100%","halign","right"]]},{"type":"begin","tags":["button","txt"],"attributes":[["id","update","label","Update","class","action"],["text","@label"]]},{"type":"end"},{"type":"begin","tags":["button","txt"],"attributes":[["id","cancel","label","Cancel"],["text","@label"]]},{"type":"end"},{"type":"end"},{"type":"end"}]}},"styles":[{"selector":"*","attributes":["fontName","Source_Sans_Pro","fontSize","13px"]},{"selector":".popup","attributes":["fontSize","13px","fontColor","white","fontSharpness","-1","fill","$bg_dialog","fillStretchGrid","18px","padding","17px","margin","-17px"]},{"selector":"#goto txt","attributes":["width","*","height","35px","align","left center","padding","0 11px","touchMode","leaf","touchEvents","true","cursor","button"]},{"selector":"#goto txt:nth-child(2n)","attributes":["fill","#4e5051"]},{"selector":"#goto txt:hover","attributes":["fill","#555859"]},{"selector":"#goto txt.selected","attributes":["fill","#406079"]},{"selector":"input:error","attributes":["fill","$input_error"]},{"selector":"input:focus","attributes":["fill","$input_focus"]},{"selector":"input","attributes":["fill","$input_normal","fillStretchGrid","10px","cursor","ibeam","margin","-4px","padding","8px","height","35px","fontColor","white"]},{"selector":"button:hover","attributes":["fill","$button_over"]},{"selector":"button:active","attributes":["fill","$button_down"]},{"selector":"button","attributes":["text","Button","fill","$button_normal","fillStretchGrid","4px","fontSize","13px","fontColor","#F0F1F1","align","center","padding","0.5em","touchMode","leaf","touchEvents","true","cursor","button"]},{"selector":"button.action:hover","attributes":["fill","$button_action_over"]},{"selector":"button.action:active","attributes":["fill","$button_action_down"]},{"selector":"button.action","attributes":["fill","$button_action_normal","fontColor","#FFFFFF"]},{"selector":"checkbox txt","attributes":["fontColor","#FFFFFF","marginTop","-2px","ivalign","center"]},{"selector":"checkbox:active","attributes":["image","$checkbox_unckecked_down"]},{"selector":"checkbox","attributes":["cursor","button","touchMode","leaf","touchEvents","true","fontColor","white","gap","2px","image","$checkbox_unckecked_normal"]},{"selector":"#interface #container","attributes":["fillMode","repeat"]},{"selector":"#interface #drag.active","attributes":["fill","$drag","fillStretchGrid","8px"]},{"selector":"#interface.dark #container","attributes":["fill","$('bg_dark')"]},{"selector":"#interface.light #container","attributes":["fill","$('bg_light')"]},{"selector":"message","attributes":["width","100%","padding","1em"]},{"selector":".dark message","attributes":["fill","black","fillAlpha","0.5"]},{"selector":".dark message #file","attributes":["fontColor","#0088FF"]},{"selector":".dark message.error","attributes":["fontColor","#FF8800"]},{"selector":".dark message.warning","attributes":["fontColor","#FFFF00"]},{"selector":".light message","attributes":["fill","white","fillAlpha","0.7"]},{"selector":".light message #file","attributes":["fontColor","#0044CC"]},{"selector":".light message.error","attributes":["fontColor","#880000"]},{"selector":".light message.warning","attributes":["fontColor","#888800"]}],"resources":{"menu.file.newWindow":"New Window","menu.file.newDocument":"New Document...","dialog.updater.statusLoadingApplication":"Download new version...","menu.view.theme.light":"Light","dialog.updater.statusLatest":"You have latest version","menu.navigate.gotoFolder":"Go to Document Folder","menu.help":"Help","menu.file.screenshot":"Publish Screenshot...","dialog.profile.DPI":"DPI","dialog.profile.size":"Size","menu.file.closeBrowser":"Close Window","menu.navigate.gotoTemplate":"Go to Template","menu.view.rotate":"Rotate","menu.file.preferences.autoUpdate":"Startup: Check for Update","menu.file.preferences.alwaysOnTop":"Window: Always On Top","menu.file.preferences.texturePacker":"Tool: Texture Packer","menu.file.preferences.lockResize":"Window: Lock Size","dialog.updater.statusLoadingDescriptor":"Connect to update server...","menu.view.zoomOut":"Zoom Out","menu.file.preferences.stats":"Tool: Staring's Stats","dialog.profile.title":"Profile Settings","menu.file.preferences":"Preferences","menu.file.recent.clear":"Clear","menu.view.outline":"Outline","menu.file.publishAs":"Publish As...","menu.view.profile":"Profile","menu.file.recent":"Open Recent","menu.file":"File","menu.view.theme.dark":"Dark","menu.view":"View","menu.file.closeDocument":"Close Document","dialog.updater.statusError":"Sorry, update can't be completed :-(","menu.view.theme":"Background","menu.view.profile.custom":"Custom...","button.cancel":"Cancel","dialog.updater.title":"Check for updates","menu.view.zoomIn":"Zoom In","menu.help.update":"Check for Update...","button.accept":"Accept","menu.navigate":"Navigate","menu.view.fullScreen":"Full Screen","dialog.profile.CSF":"CSF","menu.file.openDocument":"Open...","menu.file.preferences.autoReopen":"Startup: Open Last Document","menu.help.online":"Online Documentation","dialog.updater.statusHasUpdate":"Version {0} is available"},"type":"application/x-talon-cache"}