<?xml version="1.0" encoding="UTF-8"?>
<!-- Created with TexturePacker http://www.codeandweb.com/texturepacker-->
<!-- $TexturePacker:SmartUpdate:18d739e7d120dd33ce1e429d22fe3586:0dc79c619bf327ecc1f3432f31870dac:2a2d9fbadd85a9a2c060110245b13f05$ -->
<TextureAtlas imagePath="sprites_0.png" width="256" height="232">
    <SubTexture name="bg_dark" x="235" y="186" width="20" height="20"/>
    <SubTexture name="bg_dialog" x="173" y="1" width="64" height="64"/>
    <SubTexture name="bg_light" x="235" y="208" width="20" height="20"/>
    <SubTexture name="bg_side" x="149" y="173" width="32" height="32"/>
    <SubTexture name="button_action_disabled" x="162" y="207" width="23" height="23"/>
    <SubTexture name="button_action_down" x="183" y="163" width="23" height="23"/>
    <SubTexture name="button_action_focused" x="173" y="101" width="29" height="29"/>
    <SubTexture name="button_action_normal" x="187" y="188" width="23" height="23"/>
    <SubTexture name="button_action_over" x="204" y="101" width="23" height="23"/>
    <SubTexture name="button_disabled" x="207" y="67" width="23" height="23"/>
    <SubTexture name="button_down" x="204" y="126" width="23" height="23"/>
    <SubTexture name="button_focused" x="173" y="132" width="29" height="29"/>
    <SubTexture name="button_normal" x="208" y="151" width="23" height="23"/>
    <SubTexture name="button_over" x="229" y="92" width="23" height="23"/>
    <SubTexture name="checkbox_checked_disabled" x="1" y="210" width="21" height="21"/>
    <SubTexture name="checkbox_checked_down" x="24" y="210" width="21" height="21"/>
    <SubTexture name="checkbox_checked_focused" x="47" y="210" width="21" height="21"/>
    <SubTexture name="checkbox_checked_normal" x="70" y="210" width="21" height="21"/>
    <SubTexture name="checkbox_indeterminate_disabled" x="93" y="210" width="21" height="21"/>
    <SubTexture name="checkbox_indeterminate_focused" x="116" y="210" width="21" height="21"/>
    <SubTexture name="checkbox_indeterminate_normal" x="139" y="210" width="21" height="21"/>
    <SubTexture name="checkbox_indeterminate_normal_down" x="232" y="67" width="21" height="21"/>
    <SubTexture name="checkbox_unckecked_disabled" x="229" y="117" width="21" height="21"/>
    <SubTexture name="checkbox_unckecked_down" x="233" y="140" width="21" height="21"/>
    <SubTexture name="checkbox_unckecked_focused" x="233" y="163" width="21" height="21"/>
    <SubTexture name="checkbox_unckecked_normal" x="212" y="186" width="21" height="21"/>
    <SubTexture name="delete" x="239" y="1" width="16" height="16"/>
    <SubTexture name="drag" x="173" y="67" width="32" height="32"/>
    <SubTexture name="drop_down" x="239" y="37" width="12" height="12"/>
    <SubTexture name="drop_right" x="239" y="51" width="12" height="12"/>
    <SubTexture name="input_disabled" x="1" y="173" width="35" height="35"/>
    <SubTexture name="input_error" x="38" y="173" width="35" height="35"/>
    <SubTexture name="input_focus" x="75" y="173" width="35" height="35"/>
    <SubTexture name="input_normal" x="112" y="173" width="35" height="35"/>
    <SubTexture name="pencil" x="239" y="19" width="16" height="16"/>
    <SubTexture name="Source_Sans_Pro" x="1" y="1" width="170" height="170"/>
    <SubTexture name="spinner_small" x="212" y="209" width="20" height="20"/>
</TextureAtlas>
