<?xml version="1.0" encoding="UTF-8"?>
<!-- Created with TexturePacker http://www.codeandweb.com/texturepacker-->
<!-- $TexturePacker:SmartUpdate:fdaa3199bc9a66afe8911f626d597ae9:26eb8f44d4a3b75d522aa03ef7fd2ee4:2a2d9fbadd85a9a2c060110245b13f05$ -->
<TextureAtlas imagePath="sprites_0.png" width="371" height="172">
    <SubTexture name="bg_dark" x="350" y="124" width="20" height="20"/>
    <SubTexture name="bg_dialog" x="173" y="75" width="64" height="64"/>
    <SubTexture name="bg_light" x="350" y="146" width="20" height="20"/>
    <SubTexture name="button_action_disabled" x="239" y="112" width="23" height="23"/>
    <SubTexture name="button_action_down" x="204" y="141" width="23" height="23"/>
    <SubTexture name="button_action_focused" x="173" y="141" width="29" height="29"/>
    <SubTexture name="button_action_normal" x="264" y="112" width="23" height="23"/>
    <SubTexture name="button_action_over" x="229" y="141" width="23" height="23"/>
    <SubTexture name="button_disabled" x="254" y="137" width="23" height="23"/>
    <SubTexture name="button_down" x="279" y="137" width="23" height="23"/>
    <SubTexture name="button_focused" x="321" y="1" width="29" height="29"/>
    <SubTexture name="button_normal" x="276" y="75" width="23" height="23"/>
    <SubTexture name="button_over" x="301" y="72" width="23" height="23"/>
    <SubTexture name="checkbox_checked_disabled" x="321" y="32" width="21" height="21"/>
    <SubTexture name="checkbox_checked_down" x="344" y="32" width="21" height="21"/>
    <SubTexture name="checkbox_checked_focused" x="326" y="55" width="21" height="21"/>
    <SubTexture name="checkbox_checked_normal" x="349" y="55" width="21" height="21"/>
    <SubTexture name="checkbox_indeterminate_disabled" x="326" y="78" width="21" height="21"/>
    <SubTexture name="checkbox_indeterminate_focused" x="349" y="78" width="21" height="21"/>
    <SubTexture name="checkbox_indeterminate_normal" x="301" y="97" width="21" height="21"/>
    <SubTexture name="checkbox_indeterminate_normal_down" x="324" y="101" width="21" height="21"/>
    <SubTexture name="checkbox_unckecked_disabled" x="347" y="101" width="21" height="21"/>
    <SubTexture name="checkbox_unckecked_down" x="304" y="124" width="21" height="21"/>
    <SubTexture name="checkbox_unckecked_focused" x="327" y="124" width="21" height="21"/>
    <SubTexture name="checkbox_unckecked_normal" x="304" y="147" width="21" height="21"/>
    <SubTexture name="drag" x="284" y="38" width="32" height="32"/>
    <SubTexture name="drop_down" x="352" y="1" width="12" height="12"/>
    <SubTexture name="input_disabled" x="247" y="1" width="35" height="35"/>
    <SubTexture name="input_error" x="247" y="38" width="35" height="35"/>
    <SubTexture name="input_focus" x="239" y="75" width="35" height="35"/>
    <SubTexture name="input_normal" x="284" y="1" width="35" height="35"/>
    <SubTexture name="Source_Sans_Pro" x="1" y="1" width="170" height="170"/>
    <SubTexture name="spinner_large" x="173" y="1" width="72" height="72"/>
    <SubTexture name="spinner_small" x="327" y="147" width="20" height="20"/>
</TextureAtlas>
