<?xml version="1.0" encoding="UTF-8"?>
<!-- Created with TexturePacker http://www.codeandweb.com/texturepacker-->
<!-- $TexturePacker:SmartUpdate:d071b34fb3883831ee2df8bdf23781bd:4bcbbc03c4237b91d8018fac188a88bf:2a2d9fbadd85a9a2c060110245b13f05$ -->
<TextureAtlas imagePath="sprites_0.png" width="248" height="238">
    <SubTexture name="bg_dark" x="227" y="69" width="20" height="20"/>
    <SubTexture name="bg_dialog" x="1" y="173" width="64" height="64"/>
    <SubTexture name="bg_light" x="227" y="91" width="20" height="20"/>
    <SubTexture name="button_action_disabled" x="67" y="210" width="23" height="23"/>
    <SubTexture name="button_action_down" x="138" y="173" width="23" height="23"/>
    <SubTexture name="button_action_focused" x="173" y="75" width="29" height="29"/>
    <SubTexture name="button_action_normal" x="173" y="106" width="23" height="23"/>
    <SubTexture name="button_action_over" x="173" y="131" width="23" height="23"/>
    <SubTexture name="button_disabled" x="173" y="156" width="23" height="23"/>
    <SubTexture name="button_down" x="92" y="210" width="23" height="23"/>
    <SubTexture name="button_focused" x="210" y="38" width="29" height="29"/>
    <SubTexture name="button_normal" x="117" y="207" width="23" height="23"/>
    <SubTexture name="button_over" x="142" y="198" width="23" height="23"/>
    <SubTexture name="checkbox_checked_disabled" x="204" y="75" width="21" height="21"/>
    <SubTexture name="checkbox_checked_down" x="204" y="98" width="21" height="21"/>
    <SubTexture name="checkbox_checked_focused" x="198" y="121" width="21" height="21"/>
    <SubTexture name="checkbox_checked_normal" x="198" y="144" width="21" height="21"/>
    <SubTexture name="checkbox_indeterminate_disabled" x="221" y="135" width="21" height="21"/>
    <SubTexture name="checkbox_indeterminate_focused" x="198" y="167" width="21" height="21"/>
    <SubTexture name="checkbox_indeterminate_normal" x="221" y="158" width="21" height="21"/>
    <SubTexture name="checkbox_indeterminate_normal_down" x="221" y="181" width="21" height="21"/>
    <SubTexture name="checkbox_unckecked_disabled" x="167" y="181" width="21" height="21"/>
    <SubTexture name="checkbox_unckecked_down" x="167" y="204" width="21" height="21"/>
    <SubTexture name="checkbox_unckecked_focused" x="190" y="190" width="21" height="21"/>
    <SubTexture name="checkbox_unckecked_normal" x="190" y="213" width="21" height="21"/>
    <SubTexture name="drag" x="104" y="173" width="32" height="32"/>
    <SubTexture name="drop_down" x="142" y="223" width="12" height="12"/>
    <SubTexture name="input_disabled" x="173" y="1" width="35" height="35"/>
    <SubTexture name="input_error" x="67" y="173" width="35" height="35"/>
    <SubTexture name="input_focus" x="173" y="38" width="35" height="35"/>
    <SubTexture name="input_normal" x="210" y="1" width="35" height="35"/>
    <SubTexture name="Source_Sans_Pro" x="1" y="1" width="170" height="170"/>
    <SubTexture name="spinner_small" x="227" y="113" width="20" height="20"/>
</TextureAtlas>
