{"styles":[{"attributes":["fontName","Source_Sans_Pro","fontSize","13px"],"selector":"*"},{"attributes":["fontSize","13px","fontColor","white","fill","$bg_dialog","fillStretchGrid","18px","padding","17px","margin","-17px"],"selector":".popup"},{"attributes":["width","*","height","35px","align","left center","padding","0 11px","touchMode","leaf","touchEvents","true","cursor","button"],"selector":"#goto txt"},{"attributes":["fill","#4e5051"],"selector":"#goto txt:nth-child(2n)"},{"attributes":["fill","#555859"],"selector":"#goto txt:hover"},{"attributes":["fill","#406079"],"selector":"#goto txt.selected"},{"attributes":["fill","$input_error"],"selector":"input:error"},{"attributes":["fill","$input_focus"],"selector":"input:focus"},{"attributes":["fill","$input_normal","fillStretchGrid","10px","cursor","ibeam","margin","-4px","padding","8px","height","35px","fontColor","white"],"selector":"input"},{"attributes":["fill","$button_over"],"selector":"button:hover"},{"attributes":["fill","$button_down"],"selector":"button:active"},{"attributes":["text","Button","fill","$button_normal","fillStretchGrid","4px","fontSize","13px","fontColor","#F0F1F1","align","center","padding","0.5em","touchMode","leaf","touchEvents","true","cursor","button"],"selector":"button"},{"attributes":["fill","$button_action_over"],"selector":"button.action:hover"},{"attributes":["fill","$button_action_down"],"selector":"button.action:active"},{"attributes":["fill","$button_action_normal","fontColor","#FFFFFF"],"selector":"button.action"},{"attributes":["fontColor","#FFFFFF","marginTop","-2px","ivalign","center"],"selector":"checkbox txt"},{"attributes":["image","$checkbox_unckecked_down"],"selector":"checkbox:active"},{"attributes":["cursor","button","touchMode","leaf","touchEvents","true","fontColor","white","gap","2px","image","$checkbox_unckecked_normal"],"selector":"checkbox"},{"attributes":["fill","$drag","fillStretchGrid","8px"],"selector":"#interface #drag.active"},{"attributes":["fillMode","repeat","fill","#282828"],"selector":"#interface #container"},{"attributes":["width","100%","padding","1em","fontColor","white","fill","$color.base1"],"selector":"message"},{"attributes":["fontColor","#FF8800"],"selector":"message.error"},{"attributes":["fontColor","#FFFF00"],"selector":"message.warning"},{"attributes":["fill","$bg_side","fillStretchGrid","none 8px none none","paddingRight","6px","fontColor","#F0F1F1"],"selector":".Inspector"},{"attributes":["fill","$color.base1"],"selector":".Inspector .header"},{"attributes":["tint","#626262","touchMode","leaf","touchEvents","true","cursor","button"],"selector":".Inspector #filter"},{"attributes":["tint","#C5C5C5"],"selector":".Inspector #filter:hover"},{"attributes":["icon","$drop_right"],"selector":".Toggle"},{"attributes":["icon","$drop_down"],"selector":".Toggle:checked"},{"attributes":["icon","$drop_none"],"selector":".Toggle:empty"},{"attributes":["tint","white"],"selector":".Toggle #icon:hover"},{"attributes":["touchMode","leaf","touchEvents","true","cursor","button","tint","gray"],"selector":".Toggle #icon"},{"attributes":["touchMode","branch","touchEvents","true","cursor","button","fill","$color.base2"],"selector":".TreeItem"},{"attributes":["fill","$color.base1"],"selector":".TreeItem:hover"},{"attributes":["fill","$color.blue"],"selector":".TreeItem:checked"},{"attributes":["fontColor","#888888","touchEvents","true"],"selector":".TreeItem #link"},{"attributes":["fontColor","#00BFFF"],"selector":".TreeItem #link:hover"},{"attributes":["fill","$color.base3"],"selector":".Attribute:nth-child(2n)"},{"attributes":["fill","$color.base1"],"selector":".Attribute:hover"},{"attributes":["fill","$color.base2","touchEvents","true","fontColor","#888888"],"selector":".Attribute"},{"attributes":["fontColor","white"],"selector":".Attribute.setted"},{"attributes":["fill","white","fillAlpha","0","touchMode","leaf","touchEvents","true","cursor","button"],"selector":".Attribute #value"}],"templates":[{"name":"GoToPopup","build":[{"attributes":[["class","popup","id","goto","layout","flow","orientation","vertical"]],"type":"begin","tags":["div"]},{"attributes":[["width","300px","margin","4px"],["type","input"]],"type":"begin","tags":["input","txt"]},{"type":"end"},{"attributes":[[]],"type":"begin","tags":["txt"]},{"type":"end"},{"attributes":[[]],"type":"begin","tags":["txt"]},{"type":"end"},{"attributes":[[]],"type":"begin","tags":["txt"]},{"type":"end"},{"attributes":[[]],"type":"begin","tags":["txt"]},{"type":"end"},{"attributes":[[]],"type":"begin","tags":["txt"]},{"type":"end"},{"attributes":[[]],"type":"begin","tags":["txt"]},{"type":"end"},{"type":"end"}]},{"name":"Attribute","build":[{"attributes":[["class","Attribute","width","100%","layout","flow","name","Name","value","Value"]],"type":"begin","tags":["div"]},{"attributes":[["text","@name","width","50%"],["class","Toggle","text","Toggle","layout","flow"]],"type":"begin","tags":["div"]},{"attributes":[["id","icon","source","@icon","padding","5px"]],"type":"begin","tags":["img"]},{"type":"end"},{"attributes":[["id","text","text","@text","align","center","height","100%"]],"type":"begin","tags":["txt"]},{"type":"end"},{"type":"end"},{"attributes":[["id","value","text","@value","width","50%","height","100%","align","left center"]],"type":"begin","tags":["txt"]},{"type":"end"},{"type":"end"}]},{"name":"Checkbox","build":[{"attributes":[["type","checkbox","text","Checkbox","layout","flow"]],"type":"begin","tags":["checkbox","div"]},{"attributes":[["source","@image"]],"type":"begin","tags":["img"]},{"type":"end"},{"attributes":[["text","@text","alignSelf","center","marginTop","1px"]],"type":"begin","tags":["txt"]},{"type":"end"},{"type":"end"}],"tag":"checkbox"},{"name":"TreeItem","build":[{"attributes":[["class","TreeItem","text","TreeItem","info","","width","100%"]],"type":"begin","tags":["div"]},{"attributes":[["id","toggle","left","0px","text","@text"],["class","Toggle","text","Toggle","layout","flow"]],"type":"begin","tags":["div"]},{"attributes":[["id","icon","source","@icon","padding","5px"]],"type":"begin","tags":["img"]},{"type":"end"},{"attributes":[["id","text","text","@text","align","center","height","100%"]],"type":"begin","tags":["txt"]},{"type":"end"},{"type":"end"},{"attributes":[["text","@info","right","0","paddingRight","4px","fontColor","gray"]],"type":"begin","tags":["txt"]},{"type":"end"},{"type":"end"}]},{"name":"ProfilePopup","build":[{"attributes":[["class","popup","layout","flow","orientation","vertical"]],"type":"begin","tags":["div"]},{"attributes":[["text","$dialog.profile.title","padding","8px"]],"type":"begin","tags":["txt"]},{"type":"end"},{"attributes":[["layout","flow","orientation","vertical","gap","8px","padding","8px","width","*","fill","#4e5051"]],"type":"begin","tags":["div"]},{"attributes":[["layout","flow","width","100%","gap","8px"]],"type":"begin","tags":["div"]},{"attributes":[["text","$dialog.profile.size","width","*","height","*","halign","left","valign","center"]],"type":"begin","tags":["txt"]},{"type":"end"},{"attributes":[["id","width","width","48"],["type","input"]],"type":"begin","tags":["input","txt"]},{"type":"end"},{"attributes":[["text","x","valignSelf","center","margin","none -6px none -4px"]],"type":"begin","tags":["txt"]},{"type":"end"},{"attributes":[["id","height","width","48"],["type","input"]],"type":"begin","tags":["input","txt"]},{"type":"end"},{"type":"end"},{"attributes":[["layout","flow","width","100%"]],"type":"begin","tags":["div"]},{"attributes":[["text","$dialog.profile.DPI","halign","left","valign","center","width","*","height","*"]],"type":"begin","tags":["txt"]},{"type":"end"},{"attributes":[["id","dpi","width","48"],["type","input"]],"type":"begin","tags":["input","txt"]},{"type":"end"},{"type":"end"},{"attributes":[["layout","flow","width","100%"]],"type":"begin","tags":["div"]},{"attributes":[["text","$dialog.profile.CSF","halign","left","valign","center","width","*","height","*"]],"type":"begin","tags":["txt"]},{"type":"end"},{"attributes":[["id","csf","width","48"],["type","input"]],"type":"begin","tags":["input","txt"]},{"type":"end"},{"type":"end"},{"type":"end"},{"attributes":[["layout","flow","halignSelf","center","margin","none","gap","8px","padding","8px","width","150px"]],"type":"begin","tags":["div"]},{"attributes":[["id","accept","label","$button.accept","width","*","class","action"],["text","@label"]],"type":"begin","tags":["button","txt"]},{"type":"end"},{"attributes":[["id","cancel","label","$button.cancel","width","*"],["text","@label"]],"type":"begin","tags":["button","txt"]},{"type":"end"},{"type":"end"},{"type":"end"}]},{"name":"Message","build":[{"attributes":[["text","Status message"]],"type":"begin","tags":["message","txt"]},{"type":"end"}],"tag":"message"},{"name":"Toggle","build":[{"attributes":[["class","Toggle","text","Toggle","layout","flow"]],"type":"begin","tags":["div"]},{"attributes":[["id","icon","source","@icon","padding","5px"]],"type":"begin","tags":["img"]},{"type":"end"},{"attributes":[["id","text","text","@text","align","center","height","100%"]],"type":"begin","tags":["txt"]},{"type":"end"},{"type":"end"}]},{"name":"Interface","build":[{"attributes":[["id","interface","width","100%","height","100%","layout","anchor"]],"type":"begin","tags":["div"]},{"attributes":[["layout","flow","width","100%","height","100%","gap","-5"]],"type":"begin","tags":["div"]},{"attributes":[["id","inspector","layer","1"],["class","Inspector","left","0","width","220","height","100%","layout","flow","orientation","vertical"]],"type":"begin","tags":["div"]},{"attributes":[["class","header","width","100%"]],"type":"begin","tags":["div"]},{"attributes":[["text","Tree","left","6px"]],"type":"begin","tags":["txt"]},{"type":"end"},{"attributes":[["id","filter","source","$funnel","right","0px","padding","4px"]],"type":"begin","tags":["img"]},{"type":"end"},{"type":"end"},{"attributes":[["id","tree","width","100%","layout","flow","orientation","vertical"]],"type":"begin","tags":["div"]},{"attributes":[["text","PopupBank","icon","$drop_down"],["class","TreeItem","text","TreeItem","info","","width","100%"]],"type":"begin","tags":["div"]},{"attributes":[["id","toggle","left","0px","text","@text"],["class","Toggle","text","Toggle","layout","flow"]],"type":"begin","tags":["div"]},{"attributes":[["id","icon","source","@icon","padding","5px"]],"type":"begin","tags":["img"]},{"type":"end"},{"attributes":[["id","text","text","@text","align","center","height","100%"]],"type":"begin","tags":["txt"]},{"type":"end"},{"type":"end"},{"attributes":[["text","@info","right","0","paddingRight","4px","fontColor","gray"]],"type":"begin","tags":["txt"]},{"type":"end"},{"type":"end"},{"attributes":[["text","Label","icon","$drop_none","paddingLeft","14"],["class","TreeItem","text","TreeItem","info","","width","100%"]],"type":"begin","tags":["div"]},{"attributes":[["id","toggle","left","0px","text","@text"],["class","Toggle","text","Toggle","layout","flow"]],"type":"begin","tags":["div"]},{"attributes":[["id","icon","source","@icon","padding","5px"]],"type":"begin","tags":["img"]},{"type":"end"},{"attributes":[["id","text","text","@text","align","center","height","100%"]],"type":"begin","tags":["txt"]},{"type":"end"},{"type":"end"},{"attributes":[["text","@info","right","0","paddingRight","4px","fontColor","gray"]],"type":"begin","tags":["txt"]},{"type":"end"},{"type":"end"},{"attributes":[["text","Container","icon","$drop_down","paddingLeft","14"],["class","TreeItem","text","TreeItem","info","","width","100%"]],"type":"begin","tags":["div"]},{"attributes":[["id","toggle","left","0px","text","@text"],["class","Toggle","text","Toggle","layout","flow"]],"type":"begin","tags":["div"]},{"attributes":[["id","icon","source","@icon","padding","5px"]],"type":"begin","tags":["img"]},{"type":"end"},{"attributes":[["id","text","text","@text","align","center","height","100%"]],"type":"begin","tags":["txt"]},{"type":"end"},{"type":"end"},{"attributes":[["text","@info","right","0","paddingRight","4px","fontColor","gray"]],"type":"begin","tags":["txt"]},{"type":"end"},{"type":"end"},{"attributes":[["text","Image","icon","$drop_none","paddingLeft","28"],["class","TreeItem","text","TreeItem","info","","width","100%"]],"type":"begin","tags":["div"]},{"attributes":[["id","toggle","left","0px","text","@text"],["class","Toggle","text","Toggle","layout","flow"]],"type":"begin","tags":["div"]},{"attributes":[["id","icon","source","@icon","padding","5px"]],"type":"begin","tags":["img"]},{"type":"end"},{"attributes":[["id","text","text","@text","align","center","height","100%"]],"type":"begin","tags":["txt"]},{"type":"end"},{"type":"end"},{"attributes":[["text","@info","right","0","paddingRight","4px","fontColor","gray"]],"type":"begin","tags":["txt"]},{"type":"end"},{"type":"end"},{"attributes":[["text","PopupBank_Product","icon","$drop_right","paddingLeft","28"],["class","TreeItem","text","TreeItem","info","","width","100%"]],"type":"begin","tags":["div"]},{"attributes":[["id","toggle","left","0px","text","@text"],["class","Toggle","text","Toggle","layout","flow"]],"type":"begin","tags":["div"]},{"attributes":[["id","icon","source","@icon","padding","5px"]],"type":"begin","tags":["img"]},{"type":"end"},{"attributes":[["id","text","text","@text","align","center","height","100%"]],"type":"begin","tags":["txt"]},{"type":"end"},{"type":"end"},{"attributes":[["text","@info","right","0","paddingRight","4px","fontColor","gray"]],"type":"begin","tags":["txt"]},{"type":"end"},{"type":"end"},{"attributes":[["text","PopupBank_Product","icon","$drop_right","paddingLeft","28"],["class","TreeItem","text","TreeItem","info","","width","100%"]],"type":"begin","tags":["div"]},{"attributes":[["id","toggle","left","0px","text","@text"],["class","Toggle","text","Toggle","layout","flow"]],"type":"begin","tags":["div"]},{"attributes":[["id","icon","source","@icon","padding","5px"]],"type":"begin","tags":["img"]},{"type":"end"},{"attributes":[["id","text","text","@text","align","center","height","100%"]],"type":"begin","tags":["txt"]},{"type":"end"},{"type":"end"},{"attributes":[["text","@info","right","0","paddingRight","4px","fontColor","gray"]],"type":"begin","tags":["txt"]},{"type":"end"},{"type":"end"},{"attributes":[["text","PopupBank_Product","icon","$drop_right","paddingLeft","28"],["class","TreeItem","text","TreeItem","info","","width","100%"]],"type":"begin","tags":["div"]},{"attributes":[["id","toggle","left","0px","text","@text"],["class","Toggle","text","Toggle","layout","flow"]],"type":"begin","tags":["div"]},{"attributes":[["id","icon","source","@icon","padding","5px"]],"type":"begin","tags":["img"]},{"type":"end"},{"attributes":[["id","text","text","@text","align","center","height","100%"]],"type":"begin","tags":["txt"]},{"type":"end"},{"type":"end"},{"attributes":[["text","@info","right","0","paddingRight","4px","fontColor","gray"]],"type":"begin","tags":["txt"]},{"type":"end"},{"type":"end"},{"attributes":[["text","Image","icon","$drop_none","paddingLeft","28"],["class","TreeItem","text","TreeItem","info","","width","100%"]],"type":"begin","tags":["div"]},{"attributes":[["id","toggle","left","0px","text","@text"],["class","Toggle","text","Toggle","layout","flow"]],"type":"begin","tags":["div"]},{"attributes":[["id","icon","source","@icon","padding","5px"]],"type":"begin","tags":["img"]},{"type":"end"},{"attributes":[["id","text","text","@text","align","center","height","100%"]],"type":"begin","tags":["txt"]},{"type":"end"},{"type":"end"},{"attributes":[["text","@info","right","0","paddingRight","4px","fontColor","gray"]],"type":"begin","tags":["txt"]},{"type":"end"},{"type":"end"},{"type":"end"},{"attributes":[["id","attributesHeader","class","header","layout","flow","width","100%"]],"type":"begin","tags":["div"]},{"attributes":[["text","Name","width","50%","padding","6px"]],"type":"begin","tags":["txt"]},{"type":"end"},{"attributes":[["text","Value","width","50%","padding","6px"]],"type":"begin","tags":["txt"]},{"type":"end"},{"type":"end"},{"attributes":[["id","attributes","width","100%","layout","flow","orientation","vertical"]],"type":"begin","tags":["div"]},{"attributes":[["name","fill","value","#FF0000"],["class","Attribute","width","100%","layout","flow","name","Name","value","Value"]],"type":"begin","tags":["div"]},{"attributes":[["text","@name","width","50%"],["class","Toggle","text","Toggle","layout","flow"]],"type":"begin","tags":["div"]},{"attributes":[["id","icon","source","@icon","padding","5px"]],"type":"begin","tags":["img"]},{"type":"end"},{"attributes":[["id","text","text","@text","align","center","height","100%"]],"type":"begin","tags":["txt"]},{"type":"end"},{"type":"end"},{"attributes":[["id","value","text","@value","width","50%","height","100%","align","left center"]],"type":"begin","tags":["txt"]},{"type":"end"},{"type":"end"},{"attributes":[["name","fillMode","value","stretch","composite","1"],["class","Attribute","width","100%","layout","flow","name","Name","value","Value"]],"type":"begin","tags":["div"]},{"attributes":[["text","@name","width","50%"],["class","Toggle","text","Toggle","layout","flow"]],"type":"begin","tags":["div"]},{"attributes":[["id","icon","source","@icon","padding","5px"]],"type":"begin","tags":["img"]},{"type":"end"},{"attributes":[["id","text","text","@text","align","center","height","100%"]],"type":"begin","tags":["txt"]},{"type":"end"},{"type":"end"},{"attributes":[["id","value","text","@value","width","50%","height","100%","align","left center"]],"type":"begin","tags":["txt"]},{"type":"end"},{"type":"end"},{"attributes":[["name","padding","value","none","composite","1"],["class","Attribute","width","100%","layout","flow","name","Name","value","Value"]],"type":"begin","tags":["div"]},{"attributes":[["text","@name","width","50%"],["class","Toggle","text","Toggle","layout","flow"]],"type":"begin","tags":["div"]},{"attributes":[["id","icon","source","@icon","padding","5px"]],"type":"begin","tags":["img"]},{"type":"end"},{"attributes":[["id","text","text","@text","align","center","height","100%"]],"type":"begin","tags":["txt"]},{"type":"end"},{"type":"end"},{"attributes":[["id","value","text","@value","width","50%","height","100%","align","left center"]],"type":"begin","tags":["txt"]},{"type":"end"},{"type":"end"},{"attributes":[["name","align","value","top left","composite","1"],["class","Attribute","width","100%","layout","flow","name","Name","value","Value"]],"type":"begin","tags":["div"]},{"attributes":[["text","@name","width","50%"],["class","Toggle","text","Toggle","layout","flow"]],"type":"begin","tags":["div"]},{"attributes":[["id","icon","source","@icon","padding","5px"]],"type":"begin","tags":["img"]},{"type":"end"},{"attributes":[["id","text","text","@text","align","center","height","100%"]],"type":"begin","tags":["txt"]},{"type":"end"},{"type":"end"},{"attributes":[["id","value","text","@value","width","50%","height","100%","align","left center"]],"type":"begin","tags":["txt"]},{"type":"end"},{"type":"end"},{"attributes":[["name","text","value","Label"],["class","Attribute","width","100%","layout","flow","name","Name","value","Value"]],"type":"begin","tags":["div"]},{"attributes":[["text","@name","width","50%"],["class","Toggle","text","Toggle","layout","flow"]],"type":"begin","tags":["div"]},{"attributes":[["id","icon","source","@icon","padding","5px"]],"type":"begin","tags":["img"]},{"type":"end"},{"attributes":[["id","text","text","@text","align","center","height","100%"]],"type":"begin","tags":["txt"]},{"type":"end"},{"type":"end"},{"attributes":[["id","value","text","@value","width","50%","height","100%","align","left center"]],"type":"begin","tags":["txt"]},{"type":"end"},{"type":"end"},{"type":"end"},{"type":"end"},{"attributes":[["width","*","height","100%"]],"type":"begin","tags":["div"]},{"attributes":[["id","container","width","100%","height","100%"]],"type":"begin","tags":["div"]},{"type":"end"},{"attributes":[["id","messages","top","0px","width","100%","layout","flow","orientation","vertical","gap","1px"]],"type":"begin","tags":["div"]},{"type":"end"},{"type":"end"},{"type":"end"},{"attributes":[["id","popups","width","100%","height","100%","layout","flow","halign","center","valign","center"]],"type":"begin","tags":["div"]},{"type":"end"},{"attributes":[["id","drag","width","100%","height","100%"]],"type":"begin","tags":["div"]},{"type":"end"},{"type":"end"}]},{"name":"Input","build":[{"attributes":[["type","input"]],"type":"begin","tags":["input","txt"]},{"type":"end"}],"tag":"input"},{"name":"PromisePopup","build":[{"attributes":[["class","popup","layout","flow","orientation","vertical","width","330px"]],"type":"begin","tags":["div"]},{"attributes":[["id","header","text","POPUP_HEADER","margin","8px"]],"type":"begin","tags":["txt"]},{"type":"end"},{"attributes":[["layout","flow","fill","#4e5051","width","100%","orientation","horizontal","padding","8px","wrap","true"]],"type":"begin","tags":["div"]},{"attributes":[["id","status","valignSelf","center","text","POPUP_STATUS","width","*","height","16px"]],"type":"begin","tags":["txt"]},{"type":"end"},{"attributes":[["layout","anchor","width","20px","height","20px"]],"type":"begin","tags":["div"]},{"attributes":[["id","details","pivot","50%","source","$drop_down","cursor","button"]],"type":"begin","tags":["img"]},{"type":"end"},{"attributes":[["id","spinner","pivot","50%","source","$spinner_small"]],"type":"begin","tags":["img"]},{"type":"end"},{"type":"end"},{"type":"end"},{"attributes":[["id","detailsInfo","text","POPUP_DETAILS","width","266px","padding","8px","marginTop","2px","fontColor","#888888"]],"type":"begin","tags":["txt"]},{"type":"end"},{"attributes":[["layout","flow","halignSelf","center","margin","none","gap","8px","padding","8px","width","100%","halign","right"]],"type":"begin","tags":["div"]},{"attributes":[["id","cancel","label","Cancel"],["text","@label"]],"type":"begin","tags":["button","txt"]},{"type":"end"},{"type":"end"},{"type":"end"}]},{"name":"Inspector","build":[{"attributes":[["class","Inspector","left","0","width","220","height","100%","layout","flow","orientation","vertical"]],"type":"begin","tags":["div"]},{"attributes":[["class","header","width","100%"]],"type":"begin","tags":["div"]},{"attributes":[["text","Tree","left","6px"]],"type":"begin","tags":["txt"]},{"type":"end"},{"attributes":[["id","filter","source","$funnel","right","0px","padding","4px"]],"type":"begin","tags":["img"]},{"type":"end"},{"type":"end"},{"attributes":[["id","tree","width","100%","layout","flow","orientation","vertical"]],"type":"begin","tags":["div"]},{"attributes":[["text","PopupBank","icon","$drop_down"],["class","TreeItem","text","TreeItem","info","","width","100%"]],"type":"begin","tags":["div"]},{"attributes":[["id","toggle","left","0px","text","@text"],["class","Toggle","text","Toggle","layout","flow"]],"type":"begin","tags":["div"]},{"attributes":[["id","icon","source","@icon","padding","5px"]],"type":"begin","tags":["img"]},{"type":"end"},{"attributes":[["id","text","text","@text","align","center","height","100%"]],"type":"begin","tags":["txt"]},{"type":"end"},{"type":"end"},{"attributes":[["text","@info","right","0","paddingRight","4px","fontColor","gray"]],"type":"begin","tags":["txt"]},{"type":"end"},{"type":"end"},{"attributes":[["text","Label","icon","$drop_none","paddingLeft","14"],["class","TreeItem","text","TreeItem","info","","width","100%"]],"type":"begin","tags":["div"]},{"attributes":[["id","toggle","left","0px","text","@text"],["class","Toggle","text","Toggle","layout","flow"]],"type":"begin","tags":["div"]},{"attributes":[["id","icon","source","@icon","padding","5px"]],"type":"begin","tags":["img"]},{"type":"end"},{"attributes":[["id","text","text","@text","align","center","height","100%"]],"type":"begin","tags":["txt"]},{"type":"end"},{"type":"end"},{"attributes":[["text","@info","right","0","paddingRight","4px","fontColor","gray"]],"type":"begin","tags":["txt"]},{"type":"end"},{"type":"end"},{"attributes":[["text","Container","icon","$drop_down","paddingLeft","14"],["class","TreeItem","text","TreeItem","info","","width","100%"]],"type":"begin","tags":["div"]},{"attributes":[["id","toggle","left","0px","text","@text"],["class","Toggle","text","Toggle","layout","flow"]],"type":"begin","tags":["div"]},{"attributes":[["id","icon","source","@icon","padding","5px"]],"type":"begin","tags":["img"]},{"type":"end"},{"attributes":[["id","text","text","@text","align","center","height","100%"]],"type":"begin","tags":["txt"]},{"type":"end"},{"type":"end"},{"attributes":[["text","@info","right","0","paddingRight","4px","fontColor","gray"]],"type":"begin","tags":["txt"]},{"type":"end"},{"type":"end"},{"attributes":[["text","Image","icon","$drop_none","paddingLeft","28"],["class","TreeItem","text","TreeItem","info","","width","100%"]],"type":"begin","tags":["div"]},{"attributes":[["id","toggle","left","0px","text","@text"],["class","Toggle","text","Toggle","layout","flow"]],"type":"begin","tags":["div"]},{"attributes":[["id","icon","source","@icon","padding","5px"]],"type":"begin","tags":["img"]},{"type":"end"},{"attributes":[["id","text","text","@text","align","center","height","100%"]],"type":"begin","tags":["txt"]},{"type":"end"},{"type":"end"},{"attributes":[["text","@info","right","0","paddingRight","4px","fontColor","gray"]],"type":"begin","tags":["txt"]},{"type":"end"},{"type":"end"},{"attributes":[["text","PopupBank_Product","icon","$drop_right","paddingLeft","28"],["class","TreeItem","text","TreeItem","info","","width","100%"]],"type":"begin","tags":["div"]},{"attributes":[["id","toggle","left","0px","text","@text"],["class","Toggle","text","Toggle","layout","flow"]],"type":"begin","tags":["div"]},{"attributes":[["id","icon","source","@icon","padding","5px"]],"type":"begin","tags":["img"]},{"type":"end"},{"attributes":[["id","text","text","@text","align","center","height","100%"]],"type":"begin","tags":["txt"]},{"type":"end"},{"type":"end"},{"attributes":[["text","@info","right","0","paddingRight","4px","fontColor","gray"]],"type":"begin","tags":["txt"]},{"type":"end"},{"type":"end"},{"attributes":[["text","PopupBank_Product","icon","$drop_right","paddingLeft","28"],["class","TreeItem","text","TreeItem","info","","width","100%"]],"type":"begin","tags":["div"]},{"attributes":[["id","toggle","left","0px","text","@text"],["class","Toggle","text","Toggle","layout","flow"]],"type":"begin","tags":["div"]},{"attributes":[["id","icon","source","@icon","padding","5px"]],"type":"begin","tags":["img"]},{"type":"end"},{"attributes":[["id","text","text","@text","align","center","height","100%"]],"type":"begin","tags":["txt"]},{"type":"end"},{"type":"end"},{"attributes":[["text","@info","right","0","paddingRight","4px","fontColor","gray"]],"type":"begin","tags":["txt"]},{"type":"end"},{"type":"end"},{"attributes":[["text","PopupBank_Product","icon","$drop_right","paddingLeft","28"],["class","TreeItem","text","TreeItem","info","","width","100%"]],"type":"begin","tags":["div"]},{"attributes":[["id","toggle","left","0px","text","@text"],["class","Toggle","text","Toggle","layout","flow"]],"type":"begin","tags":["div"]},{"attributes":[["id","icon","source","@icon","padding","5px"]],"type":"begin","tags":["img"]},{"type":"end"},{"attributes":[["id","text","text","@text","align","center","height","100%"]],"type":"begin","tags":["txt"]},{"type":"end"},{"type":"end"},{"attributes":[["text","@info","right","0","paddingRight","4px","fontColor","gray"]],"type":"begin","tags":["txt"]},{"type":"end"},{"type":"end"},{"attributes":[["text","Image","icon","$drop_none","paddingLeft","28"],["class","TreeItem","text","TreeItem","info","","width","100%"]],"type":"begin","tags":["div"]},{"attributes":[["id","toggle","left","0px","text","@text"],["class","Toggle","text","Toggle","layout","flow"]],"type":"begin","tags":["div"]},{"attributes":[["id","icon","source","@icon","padding","5px"]],"type":"begin","tags":["img"]},{"type":"end"},{"attributes":[["id","text","text","@text","align","center","height","100%"]],"type":"begin","tags":["txt"]},{"type":"end"},{"type":"end"},{"attributes":[["text","@info","right","0","paddingRight","4px","fontColor","gray"]],"type":"begin","tags":["txt"]},{"type":"end"},{"type":"end"},{"type":"end"},{"attributes":[["id","attributesHeader","class","header","layout","flow","width","100%"]],"type":"begin","tags":["div"]},{"attributes":[["text","Name","width","50%","padding","6px"]],"type":"begin","tags":["txt"]},{"type":"end"},{"attributes":[["text","Value","width","50%","padding","6px"]],"type":"begin","tags":["txt"]},{"type":"end"},{"type":"end"},{"attributes":[["id","attributes","width","100%","layout","flow","orientation","vertical"]],"type":"begin","tags":["div"]},{"attributes":[["name","fill","value","#FF0000"],["class","Attribute","width","100%","layout","flow","name","Name","value","Value"]],"type":"begin","tags":["div"]},{"attributes":[["text","@name","width","50%"],["class","Toggle","text","Toggle","layout","flow"]],"type":"begin","tags":["div"]},{"attributes":[["id","icon","source","@icon","padding","5px"]],"type":"begin","tags":["img"]},{"type":"end"},{"attributes":[["id","text","text","@text","align","center","height","100%"]],"type":"begin","tags":["txt"]},{"type":"end"},{"type":"end"},{"attributes":[["id","value","text","@value","width","50%","height","100%","align","left center"]],"type":"begin","tags":["txt"]},{"type":"end"},{"type":"end"},{"attributes":[["name","fillMode","value","stretch","composite","1"],["class","Attribute","width","100%","layout","flow","name","Name","value","Value"]],"type":"begin","tags":["div"]},{"attributes":[["text","@name","width","50%"],["class","Toggle","text","Toggle","layout","flow"]],"type":"begin","tags":["div"]},{"attributes":[["id","icon","source","@icon","padding","5px"]],"type":"begin","tags":["img"]},{"type":"end"},{"attributes":[["id","text","text","@text","align","center","height","100%"]],"type":"begin","tags":["txt"]},{"type":"end"},{"type":"end"},{"attributes":[["id","value","text","@value","width","50%","height","100%","align","left center"]],"type":"begin","tags":["txt"]},{"type":"end"},{"type":"end"},{"attributes":[["name","padding","value","none","composite","1"],["class","Attribute","width","100%","layout","flow","name","Name","value","Value"]],"type":"begin","tags":["div"]},{"attributes":[["text","@name","width","50%"],["class","Toggle","text","Toggle","layout","flow"]],"type":"begin","tags":["div"]},{"attributes":[["id","icon","source","@icon","padding","5px"]],"type":"begin","tags":["img"]},{"type":"end"},{"attributes":[["id","text","text","@text","align","center","height","100%"]],"type":"begin","tags":["txt"]},{"type":"end"},{"type":"end"},{"attributes":[["id","value","text","@value","width","50%","height","100%","align","left center"]],"type":"begin","tags":["txt"]},{"type":"end"},{"type":"end"},{"attributes":[["name","align","value","top left","composite","1"],["class","Attribute","width","100%","layout","flow","name","Name","value","Value"]],"type":"begin","tags":["div"]},{"attributes":[["text","@name","width","50%"],["class","Toggle","text","Toggle","layout","flow"]],"type":"begin","tags":["div"]},{"attributes":[["id","icon","source","@icon","padding","5px"]],"type":"begin","tags":["img"]},{"type":"end"},{"attributes":[["id","text","text","@text","align","center","height","100%"]],"type":"begin","tags":["txt"]},{"type":"end"},{"type":"end"},{"attributes":[["id","value","text","@value","width","50%","height","100%","align","left center"]],"type":"begin","tags":["txt"]},{"type":"end"},{"type":"end"},{"attributes":[["name","text","value","Label"],["class","Attribute","width","100%","layout","flow","name","Name","value","Value"]],"type":"begin","tags":["div"]},{"attributes":[["text","@name","width","50%"],["class","Toggle","text","Toggle","layout","flow"]],"type":"begin","tags":["div"]},{"attributes":[["id","icon","source","@icon","padding","5px"]],"type":"begin","tags":["img"]},{"type":"end"},{"attributes":[["id","text","text","@text","align","center","height","100%"]],"type":"begin","tags":["txt"]},{"type":"end"},{"type":"end"},{"attributes":[["id","value","text","@value","width","50%","height","100%","align","left center"]],"type":"begin","tags":["txt"]},{"type":"end"},{"type":"end"},{"type":"end"},{"type":"end"}]},{"name":"Button","build":[{"attributes":[["text","@label"]],"type":"begin","tags":["button","txt"]},{"type":"end"}],"tag":"button"}],"type":"application/x-talon-cache","resources":["color.blue","#406079","color.base3","#4e5051","color.base1","#424647","color.base2","#484b4c"]}