{"styles":[{"selector":"*","attributes":["fontName","Source_Sans_Pro","fontSize","13px"]},{"selector":".popup","attributes":["fontSize","13px","fontColor","white","fill","$bg_dialog","fillStretchGrid","18px","padding","17px","margin","-17px"]},{"selector":"#goto txt","attributes":["width","*","height","35px","align","left center","padding","0 11px","touchMode","leaf","touchEvents","true","cursor","button"]},{"selector":"#goto txt:nth-child(2n)","attributes":["fill","#4e5051"]},{"selector":"#goto txt:hover","attributes":["fill","#555859"]},{"selector":"#goto txt.selected","attributes":["fill","#406079"]},{"selector":"input:error","attributes":["fill","$input_error"]},{"selector":"input:focus","attributes":["fill","$input_focus"]},{"selector":"input","attributes":["fill","$input_normal","fillStretchGrid","10px","cursor","ibeam","margin","-4px","padding","8px","height","35px","fontColor","white"]},{"selector":"button:hover","attributes":["fill","$button_over"]},{"selector":"button:active","attributes":["fill","$button_down"]},{"selector":"button","attributes":["text","Button","fill","$button_normal","fillStretchGrid","4px","fontSize","13px","fontColor","#F0F1F1","align","center","padding","0.5em","touchMode","leaf","touchEvents","true","cursor","button"]},{"selector":"button.action:hover","attributes":["fill","$button_action_over"]},{"selector":"button.action:active","attributes":["fill","$button_action_down"]},{"selector":"button.action","attributes":["fill","$button_action_normal","fontColor","#FFFFFF"]},{"selector":"checkbox txt","attributes":["fontColor","#FFFFFF","marginTop","-2px","ivalign","center"]},{"selector":"checkbox:active","attributes":["image","$checkbox_unckecked_down"]},{"selector":"checkbox","attributes":["cursor","button","touchMode","leaf","touchEvents","true","fontColor","white","gap","2px","image","$checkbox_unckecked_normal"]},{"selector":"#interface #container","attributes":["fillMode","repeat"]},{"selector":"#interface #drag.active","attributes":["fill","$drag","fillStretchGrid","8px"]},{"selector":"#interface.dark #container","attributes":["fill","$('bg_dark')"]},{"selector":"#interface.light #container","attributes":["fill","$('bg_light')"]},{"selector":"message","attributes":["width","100%","padding","1em"]},{"selector":".dark message","attributes":["fill","black","fillAlpha","0.5"]},{"selector":".dark message #file","attributes":["fontColor","#0088FF"]},{"selector":".dark message.error","attributes":["fontColor","#FF8800"]},{"selector":".dark message.warning","attributes":["fontColor","#FFFF00"]},{"selector":".light message","attributes":["fill","white","fillAlpha","0.7"]},{"selector":".light message #file","attributes":["fontColor","#0044CC"]},{"selector":".light message.error","attributes":["fontColor","#880000"]},{"selector":".light message.warning","attributes":["fontColor","#888800"]},{"selector":".Inspector","attributes":["fill","$bg_side","fillStretchGrid","none 8px none none","paddingRight","6px","fontColor","#F0F1F1"]},{"selector":".Inspector .header","attributes":["fill","$color.base1"]},{"selector":".Inspector #filter","attributes":["tint","#626262","touchMode","leaf","touchEvents","true","cursor","button"]},{"selector":".Inspector #filter:hover","attributes":["tint","#C5C5C5"]},{"selector":".Toggle","attributes":["icon","$drop_right"]},{"selector":".Toggle:checked","attributes":["icon","$drop_down"]},{"selector":".Toggle:empty","attributes":["icon","$drop_none"]},{"selector":".Toggle #icon:hover","attributes":["tint","white"]},{"selector":".Toggle #icon","attributes":["touchMode","leaf","touchEvents","true","cursor","button","tint","gray"]},{"selector":".TreeItem","attributes":["touchMode","branch","touchEvents","true","cursor","button","fill","$color.base2"]},{"selector":".TreeItem:hover","attributes":["fill","$color.base1"]},{"selector":".TreeItem:checked","attributes":["fill","$color.blue"]},{"selector":".TreeItem #link","attributes":["fontColor","#888888","touchEvents","true"]},{"selector":".TreeItem #link:hover","attributes":["fontColor","#00BFFF"]},{"selector":".Attribute:nth-child(2n)","attributes":["fill","$color.base3"]},{"selector":".Attribute:hover","attributes":["fill","$color.base1"]},{"selector":".Attribute","attributes":["fill","$color.base2","touchEvents","true","fontColor","#888888"]},{"selector":".Attribute.setted","attributes":["fontColor","white"]},{"selector":".Attribute #value","attributes":["fill","white","fillAlpha","0","touchMode","leaf","touchEvents","true","cursor","button"]}],"type":"application/x-talon-cache","templates":{"Checkbox":{"build":[{"tags":["checkbox","div"],"type":"begin","attributes":[["type","checkbox","text","Checkbox","layout","flow"]]},{"tags":["img"],"type":"begin","attributes":[["source","@image"]]},{"type":"end"},{"tags":["txt"],"type":"begin","attributes":[["text","@text","alignSelf","center","marginTop","1px"]]},{"type":"end"},{"type":"end"}],"ref":"Checkbox","tag":"checkbox"},"Attribute":{"ref":"Attribute","build":[{"tags":["div"],"type":"begin","attributes":[["class","Attribute","width","100%","layout","flow","name","Name","value","Value"]]},{"tags":["div"],"type":"begin","attributes":[["text","@name","width","50%"],["class","Toggle","text","Toggle","layout","flow"]]},{"tags":["img"],"type":"begin","attributes":[["id","icon","source","@icon","padding","5px"]]},{"type":"end"},{"tags":["txt"],"type":"begin","attributes":[["id","text","text","@text","align","center","height","100%"]]},{"type":"end"},{"type":"end"},{"tags":["txt"],"type":"begin","attributes":[["id","value","text","@value","width","50%","height","100%","align","left center"]]},{"type":"end"},{"type":"end"}]},"Toggle":{"ref":"Toggle","build":[{"tags":["div"],"type":"begin","attributes":[["class","Toggle","text","Toggle","layout","flow"]]},{"tags":["img"],"type":"begin","attributes":[["id","icon","source","@icon","padding","5px"]]},{"type":"end"},{"tags":["txt"],"type":"begin","attributes":[["id","text","text","@text","align","center","height","100%"]]},{"type":"end"},{"type":"end"}]},"Inspector":{"ref":"Inspector","build":[{"tags":["div"],"type":"begin","attributes":[["class","Inspector","left","0","width","220","height","100%","layout","flow","orientation","vertical"]]},{"tags":["div"],"type":"begin","attributes":[["class","header","width","100%"]]},{"tags":["txt"],"type":"begin","attributes":[["text","Tree","left","6px"]]},{"type":"end"},{"tags":["img"],"type":"begin","attributes":[["id","filter","source","$funnel","right","0px","padding","4px"]]},{"type":"end"},{"type":"end"},{"tags":["div"],"type":"begin","attributes":[["id","tree","width","100%","layout","flow","orientation","vertical"]]},{"tags":["div"],"type":"begin","attributes":[["text","PopupBank","icon","$drop_down"],["class","TreeItem","text","TreeItem","info","","layout","anchor","width","100%"]]},{"tags":["div"],"type":"begin","attributes":[["id","toggle","left","0px","text","@text"],["class","Toggle","text","Toggle","layout","flow"]]},{"tags":["img"],"type":"begin","attributes":[["id","icon","source","@icon","padding","5px"]]},{"type":"end"},{"tags":["txt"],"type":"begin","attributes":[["id","text","text","@text","align","center","height","100%"]]},{"type":"end"},{"type":"end"},{"tags":["txt"],"type":"begin","attributes":[["text","@info","right","0","paddingRight","4px","fontColor","gray"]]},{"type":"end"},{"type":"end"},{"tags":["div"],"type":"begin","attributes":[["text","Label","icon","$drop_none","paddingLeft","14"],["class","TreeItem","text","TreeItem","info","","layout","anchor","width","100%"]]},{"tags":["div"],"type":"begin","attributes":[["id","toggle","left","0px","text","@text"],["class","Toggle","text","Toggle","layout","flow"]]},{"tags":["img"],"type":"begin","attributes":[["id","icon","source","@icon","padding","5px"]]},{"type":"end"},{"tags":["txt"],"type":"begin","attributes":[["id","text","text","@text","align","center","height","100%"]]},{"type":"end"},{"type":"end"},{"tags":["txt"],"type":"begin","attributes":[["text","@info","right","0","paddingRight","4px","fontColor","gray"]]},{"type":"end"},{"type":"end"},{"tags":["div"],"type":"begin","attributes":[["text","Container","icon","$drop_down","paddingLeft","14"],["class","TreeItem","text","TreeItem","info","","layout","anchor","width","100%"]]},{"tags":["div"],"type":"begin","attributes":[["id","toggle","left","0px","text","@text"],["class","Toggle","text","Toggle","layout","flow"]]},{"tags":["img"],"type":"begin","attributes":[["id","icon","source","@icon","padding","5px"]]},{"type":"end"},{"tags":["txt"],"type":"begin","attributes":[["id","text","text","@text","align","center","height","100%"]]},{"type":"end"},{"type":"end"},{"tags":["txt"],"type":"begin","attributes":[["text","@info","right","0","paddingRight","4px","fontColor","gray"]]},{"type":"end"},{"type":"end"},{"tags":["div"],"type":"begin","attributes":[["text","Image","icon","$drop_none","paddingLeft","28"],["class","TreeItem","text","TreeItem","info","","layout","anchor","width","100%"]]},{"tags":["div"],"type":"begin","attributes":[["id","toggle","left","0px","text","@text"],["class","Toggle","text","Toggle","layout","flow"]]},{"tags":["img"],"type":"begin","attributes":[["id","icon","source","@icon","padding","5px"]]},{"type":"end"},{"tags":["txt"],"type":"begin","attributes":[["id","text","text","@text","align","center","height","100%"]]},{"type":"end"},{"type":"end"},{"tags":["txt"],"type":"begin","attributes":[["text","@info","right","0","paddingRight","4px","fontColor","gray"]]},{"type":"end"},{"type":"end"},{"tags":["div"],"type":"begin","attributes":[["text","PopupBank_Product","icon","$drop_right","paddingLeft","28"],["class","TreeItem","text","TreeItem","info","","layout","anchor","width","100%"]]},{"tags":["div"],"type":"begin","attributes":[["id","toggle","left","0px","text","@text"],["class","Toggle","text","Toggle","layout","flow"]]},{"tags":["img"],"type":"begin","attributes":[["id","icon","source","@icon","padding","5px"]]},{"type":"end"},{"tags":["txt"],"type":"begin","attributes":[["id","text","text","@text","align","center","height","100%"]]},{"type":"end"},{"type":"end"},{"tags":["txt"],"type":"begin","attributes":[["text","@info","right","0","paddingRight","4px","fontColor","gray"]]},{"type":"end"},{"type":"end"},{"tags":["div"],"type":"begin","attributes":[["text","PopupBank_Product","icon","$drop_right","paddingLeft","28"],["class","TreeItem","text","TreeItem","info","","layout","anchor","width","100%"]]},{"tags":["div"],"type":"begin","attributes":[["id","toggle","left","0px","text","@text"],["class","Toggle","text","Toggle","layout","flow"]]},{"tags":["img"],"type":"begin","attributes":[["id","icon","source","@icon","padding","5px"]]},{"type":"end"},{"tags":["txt"],"type":"begin","attributes":[["id","text","text","@text","align","center","height","100%"]]},{"type":"end"},{"type":"end"},{"tags":["txt"],"type":"begin","attributes":[["text","@info","right","0","paddingRight","4px","fontColor","gray"]]},{"type":"end"},{"type":"end"},{"tags":["div"],"type":"begin","attributes":[["text","PopupBank_Product","icon","$drop_right","paddingLeft","28"],["class","TreeItem","text","TreeItem","info","","layout","anchor","width","100%"]]},{"tags":["div"],"type":"begin","attributes":[["id","toggle","left","0px","text","@text"],["class","Toggle","text","Toggle","layout","flow"]]},{"tags":["img"],"type":"begin","attributes":[["id","icon","source","@icon","padding","5px"]]},{"type":"end"},{"tags":["txt"],"type":"begin","attributes":[["id","text","text","@text","align","center","height","100%"]]},{"type":"end"},{"type":"end"},{"tags":["txt"],"type":"begin","attributes":[["text","@info","right","0","paddingRight","4px","fontColor","gray"]]},{"type":"end"},{"type":"end"},{"tags":["div"],"type":"begin","attributes":[["text","Image","icon","$drop_none","paddingLeft","28"],["class","TreeItem","text","TreeItem","info","","layout","anchor","width","100%"]]},{"tags":["div"],"type":"begin","attributes":[["id","toggle","left","0px","text","@text"],["class","Toggle","text","Toggle","layout","flow"]]},{"tags":["img"],"type":"begin","attributes":[["id","icon","source","@icon","padding","5px"]]},{"type":"end"},{"tags":["txt"],"type":"begin","attributes":[["id","text","text","@text","align","center","height","100%"]]},{"type":"end"},{"type":"end"},{"tags":["txt"],"type":"begin","attributes":[["text","@info","right","0","paddingRight","4px","fontColor","gray"]]},{"type":"end"},{"type":"end"},{"type":"end"},{"tags":["div"],"type":"begin","attributes":[["id","attributesHeader","class","header","layout","flow","width","100%"]]},{"tags":["txt"],"type":"begin","attributes":[["text","Name","width","50%","padding","6px"]]},{"type":"end"},{"tags":["txt"],"type":"begin","attributes":[["text","Value","width","50%","padding","6px"]]},{"type":"end"},{"type":"end"},{"tags":["div"],"type":"begin","attributes":[["id","attributes","width","100%","layout","flow","orientation","vertical"]]},{"tags":["div"],"type":"begin","attributes":[["name","fill","value","#FF0000"],["class","Attribute","width","100%","layout","flow","name","Name","value","Value"]]},{"tags":["div"],"type":"begin","attributes":[["text","@name","width","50%"],["class","Toggle","text","Toggle","layout","flow"]]},{"tags":["img"],"type":"begin","attributes":[["id","icon","source","@icon","padding","5px"]]},{"type":"end"},{"tags":["txt"],"type":"begin","attributes":[["id","text","text","@text","align","center","height","100%"]]},{"type":"end"},{"type":"end"},{"tags":["txt"],"type":"begin","attributes":[["id","value","text","@value","width","50%","height","100%","align","left center"]]},{"type":"end"},{"type":"end"},{"tags":["div"],"type":"begin","attributes":[["name","fillMode","value","stretch","composite","1"],["class","Attribute","width","100%","layout","flow","name","Name","value","Value"]]},{"tags":["div"],"type":"begin","attributes":[["text","@name","width","50%"],["class","Toggle","text","Toggle","layout","flow"]]},{"tags":["img"],"type":"begin","attributes":[["id","icon","source","@icon","padding","5px"]]},{"type":"end"},{"tags":["txt"],"type":"begin","attributes":[["id","text","text","@text","align","center","height","100%"]]},{"type":"end"},{"type":"end"},{"tags":["txt"],"type":"begin","attributes":[["id","value","text","@value","width","50%","height","100%","align","left center"]]},{"type":"end"},{"type":"end"},{"tags":["div"],"type":"begin","attributes":[["name","padding","value","none","composite","1"],["class","Attribute","width","100%","layout","flow","name","Name","value","Value"]]},{"tags":["div"],"type":"begin","attributes":[["text","@name","width","50%"],["class","Toggle","text","Toggle","layout","flow"]]},{"tags":["img"],"type":"begin","attributes":[["id","icon","source","@icon","padding","5px"]]},{"type":"end"},{"tags":["txt"],"type":"begin","attributes":[["id","text","text","@text","align","center","height","100%"]]},{"type":"end"},{"type":"end"},{"tags":["txt"],"type":"begin","attributes":[["id","value","text","@value","width","50%","height","100%","align","left center"]]},{"type":"end"},{"type":"end"},{"tags":["div"],"type":"begin","attributes":[["name","align","value","top left","composite","1"],["class","Attribute","width","100%","layout","flow","name","Name","value","Value"]]},{"tags":["div"],"type":"begin","attributes":[["text","@name","width","50%"],["class","Toggle","text","Toggle","layout","flow"]]},{"tags":["img"],"type":"begin","attributes":[["id","icon","source","@icon","padding","5px"]]},{"type":"end"},{"tags":["txt"],"type":"begin","attributes":[["id","text","text","@text","align","center","height","100%"]]},{"type":"end"},{"type":"end"},{"tags":["txt"],"type":"begin","attributes":[["id","value","text","@value","width","50%","height","100%","align","left center"]]},{"type":"end"},{"type":"end"},{"tags":["div"],"type":"begin","attributes":[["name","text","value","Label"],["class","Attribute","width","100%","layout","flow","name","Name","value","Value"]]},{"tags":["div"],"type":"begin","attributes":[["text","@name","width","50%"],["class","Toggle","text","Toggle","layout","flow"]]},{"tags":["img"],"type":"begin","attributes":[["id","icon","source","@icon","padding","5px"]]},{"type":"end"},{"tags":["txt"],"type":"begin","attributes":[["id","text","text","@text","align","center","height","100%"]]},{"type":"end"},{"type":"end"},{"tags":["txt"],"type":"begin","attributes":[["id","value","text","@value","width","50%","height","100%","align","left center"]]},{"type":"end"},{"type":"end"},{"type":"end"},{"type":"end"}]},"ProfilePopup":{"ref":"ProfilePopup","build":[{"tags":["div"],"type":"begin","attributes":[["class","popup","layout","flow","orientation","vertical"]]},{"tags":["txt"],"type":"begin","attributes":[["text","$dialog.profile.title","padding","8px"]]},{"type":"end"},{"tags":["div"],"type":"begin","attributes":[["layout","flow","orientation","vertical","gap","8px","padding","8px","width","*","fill","#4e5051"]]},{"tags":["div"],"type":"begin","attributes":[["layout","flow","width","100%","gap","8px"]]},{"tags":["txt"],"type":"begin","attributes":[["text","$dialog.profile.size","width","*","height","*","halign","left","valign","center"]]},{"type":"end"},{"tags":["input","txt"],"type":"begin","attributes":[["id","width","width","48"],["type","input"]]},{"type":"end"},{"tags":["txt"],"type":"begin","attributes":[["text","x","valignSelf","center","margin","none -6px none -4px"]]},{"type":"end"},{"tags":["input","txt"],"type":"begin","attributes":[["id","height","width","48"],["type","input"]]},{"type":"end"},{"type":"end"},{"tags":["div"],"type":"begin","attributes":[["layout","flow","width","100%"]]},{"tags":["txt"],"type":"begin","attributes":[["text","$dialog.profile.DPI","halign","left","valign","center","width","*","height","*"]]},{"type":"end"},{"tags":["input","txt"],"type":"begin","attributes":[["id","dpi","width","48"],["type","input"]]},{"type":"end"},{"type":"end"},{"tags":["div"],"type":"begin","attributes":[["layout","flow","width","100%"]]},{"tags":["txt"],"type":"begin","attributes":[["text","$dialog.profile.CSF","halign","left","valign","center","width","*","height","*"]]},{"type":"end"},{"tags":["input","txt"],"type":"begin","attributes":[["id","csf","width","48"],["type","input"]]},{"type":"end"},{"type":"end"},{"type":"end"},{"tags":["div"],"type":"begin","attributes":[["layout","flow","halignSelf","center","margin","none","gap","8px","padding","8px","width","150px"]]},{"tags":["button","txt"],"type":"begin","attributes":[["id","accept","label","$button.accept","width","*","class","action"],["text","@label"]]},{"type":"end"},{"tags":["button","txt"],"type":"begin","attributes":[["id","cancel","label","$button.cancel","width","*"],["text","@label"]]},{"type":"end"},{"type":"end"},{"type":"end"}]},"Interface":{"ref":"Interface","build":[{"tags":["div"],"type":"begin","attributes":[["id","interface","width","100%","height","100%","layout","anchor","class","dark"]]},{"tags":["div"],"type":"begin","attributes":[["id","container","width","100%","height","100%"]]},{"type":"end"},{"tags":["div"],"type":"begin","attributes":[["id","messages","top","0px","width","100%","layout","flow","orientation","vertical","gap","1px"]]},{"type":"end"},{"tags":["div"],"type":"begin","attributes":[["id","popups","width","100%","height","100%","layout","flow","halign","center","valign","center"]]},{"type":"end"},{"tags":["div"],"type":"begin","attributes":[["id","drag","width","100%","height","100%"]]},{"type":"end"},{"type":"end"}]},"Button":{"build":[{"tags":["button","txt"],"type":"begin","attributes":[["text","@label"]]},{"type":"end"}],"ref":"Button","tag":"button"},"GoToPopup":{"ref":"GoToPopup","build":[{"tags":["div"],"type":"begin","attributes":[["class","popup","id","goto","layout","flow","orientation","vertical"]]},{"tags":["input","txt"],"type":"begin","attributes":[["width","300px","margin","4px"],["type","input"]]},{"type":"end"},{"tags":["txt"],"type":"begin","attributes":[[]]},{"type":"end"},{"tags":["txt"],"type":"begin","attributes":[[]]},{"type":"end"},{"tags":["txt"],"type":"begin","attributes":[[]]},{"type":"end"},{"tags":["txt"],"type":"begin","attributes":[[]]},{"type":"end"},{"tags":["txt"],"type":"begin","attributes":[[]]},{"type":"end"},{"tags":["txt"],"type":"begin","attributes":[[]]},{"type":"end"},{"type":"end"}]},"TreeItem":{"ref":"TreeItem","build":[{"tags":["div"],"type":"begin","attributes":[["class","TreeItem","text","TreeItem","info","","layout","anchor","width","100%"]]},{"tags":["div"],"type":"begin","attributes":[["id","toggle","left","0px","text","@text"],["class","Toggle","text","Toggle","layout","flow"]]},{"tags":["img"],"type":"begin","attributes":[["id","icon","source","@icon","padding","5px"]]},{"type":"end"},{"tags":["txt"],"type":"begin","attributes":[["id","text","text","@text","align","center","height","100%"]]},{"type":"end"},{"type":"end"},{"tags":["txt"],"type":"begin","attributes":[["text","@info","right","0","paddingRight","4px","fontColor","gray"]]},{"type":"end"},{"type":"end"}]},"Input":{"build":[{"tags":["input","txt"],"type":"begin","attributes":[["type","input"]]},{"type":"end"}],"ref":"Input","tag":"input"},"Message":{"build":[{"tags":["message","div"],"type":"begin","attributes":[["text","Message","file","/path/to/file","layout","flow"]]},{"tags":["txt"],"type":"begin","attributes":[["id","file","text","@file"]]},{"type":"end"},{"tags":["txt"],"type":"begin","attributes":[["id","text","text","@text"]]},{"type":"end"},{"type":"end"}],"ref":"Message","tag":"message"},"PromisePopup":{"ref":"PromisePopup","build":[{"tags":["div"],"type":"begin","attributes":[["class","popup","layout","flow","orientation","vertical","width","330px"]]},{"tags":["txt"],"type":"begin","attributes":[["id","header","text","POPUP_HEADER","margin","8px"]]},{"type":"end"},{"tags":["div"],"type":"begin","attributes":[["layout","flow","fill","#4e5051","width","100%","orientation","horizontal","padding","8px","wrap","true"]]},{"tags":["txt"],"type":"begin","attributes":[["id","status","valignSelf","center","text","POPUP_STATUS","width","*","height","16px"]]},{"type":"end"},{"tags":["div"],"type":"begin","attributes":[["layout","anchor","width","20px","height","20px"]]},{"tags":["img"],"type":"begin","attributes":[["id","details","pivot","50%","source","$drop_down","cursor","button"]]},{"type":"end"},{"tags":["img"],"type":"begin","attributes":[["id","spinner","pivot","50%","source","$spinner_small"]]},{"type":"end"},{"type":"end"},{"type":"end"},{"tags":["txt"],"type":"begin","attributes":[["id","detailsInfo","text","POPUP_DETAILS","width","266px","padding","8px","marginTop","2px","fontColor","#888888"]]},{"type":"end"},{"tags":["div"],"type":"begin","attributes":[["layout","flow","halignSelf","center","margin","none","gap","8px","padding","8px","width","100%","halign","right"]]},{"tags":["button","txt"],"type":"begin","attributes":[["id","cancel","label","Cancel"],["text","@label"]]},{"type":"end"},{"type":"end"},{"type":"end"}]}},"resources":{"color.blue":"#406079","color.base3":"#4e5051","color.base2":"#484b4c","color.base1":"#424647"}}