<?xml version="1.0" encoding="UTF-8"?>
<!-- Created with TexturePacker http://www.codeandweb.com/texturepacker-->
<!-- $TexturePacker:SmartUpdate:b3e98fd2afac6917075aa2088ae3c4fb:74df07704d0d2a6091d5400da90be9d8:2a2d9fbadd85a9a2c060110245b13f05$ -->
<TextureAtlas imagePath="sprites_0.png" width="1189" height="1680">
    <SubTexture name="asfalt" x="413" y="1269" width="466" height="349"/>
    <SubTexture name="bg_dark" x="1165" y="1076" width="20" height="20"/>
    <SubTexture name="bg_dialog" x="762" y="1122" width="64" height="64"/>
    <SubTexture name="bg_light" x="1165" y="1098" width="20" height="20"/>
    <SubTexture name="bg_side" x="1139" y="1142" width="32" height="32"/>
    <SubTexture name="black_linen_v2" x="1" y="1" width="640" height="640"/>
    <SubTexture name="button_action_disabled" x="1165" y="600" width="23" height="23"/>
    <SubTexture name="button_action_down" x="1165" y="625" width="23" height="23"/>
    <SubTexture name="button_action_focused" x="1139" y="1210" width="29" height="29"/>
    <SubTexture name="button_action_normal" x="1165" y="650" width="23" height="23"/>
    <SubTexture name="button_action_over" x="1165" y="675" width="23" height="23"/>
    <SubTexture name="button_disabled" x="1165" y="700" width="23" height="23"/>
    <SubTexture name="button_down" x="1165" y="725" width="23" height="23"/>
    <SubTexture name="button_focused" x="1139" y="1241" width="29" height="29"/>
    <SubTexture name="button_normal" x="1165" y="750" width="23" height="23"/>
    <SubTexture name="button_over" x="1165" y="775" width="23" height="23"/>
    <SubTexture name="checkbox_checked_disabled" x="1165" y="800" width="21" height="21"/>
    <SubTexture name="checkbox_checked_down" x="1165" y="823" width="21" height="21"/>
    <SubTexture name="checkbox_checked_focused" x="1165" y="846" width="21" height="21"/>
    <SubTexture name="checkbox_checked_normal" x="1165" y="869" width="21" height="21"/>
    <SubTexture name="checkbox_indeterminate_disabled" x="1165" y="892" width="21" height="21"/>
    <SubTexture name="checkbox_indeterminate_focused" x="1165" y="915" width="21" height="21"/>
    <SubTexture name="checkbox_indeterminate_normal" x="1165" y="938" width="21" height="21"/>
    <SubTexture name="checkbox_indeterminate_normal_down" x="1165" y="961" width="21" height="21"/>
    <SubTexture name="checkbox_unckecked_disabled" x="1165" y="984" width="21" height="21"/>
    <SubTexture name="checkbox_unckecked_down" x="1165" y="1007" width="21" height="21"/>
    <SubTexture name="checkbox_unckecked_focused" x="1165" y="1030" width="21" height="21"/>
    <SubTexture name="checkbox_unckecked_normal" x="1165" y="1053" width="21" height="21"/>
    <SubTexture name="concrete_wall" x="643" y="600" width="520" height="520"/>
    <SubTexture name="concrete_wall_2" x="643" y="1" rotated="true" width="545" height="597"/>
    <SubTexture name="delete" x="413" y="1657" width="16" height="16"/>
    <SubTexture name="drag" x="1139" y="1176" width="32" height="32"/>
    <SubTexture name="drop_down" x="632" y="1252" width="12" height="12"/>
    <SubTexture name="drop_none" x="646" y="1252" width="12" height="12"/>
    <SubTexture name="drop_right" x="660" y="1252" width="12" height="12"/>
    <SubTexture name="fabric_of_squares_gray" x="1" y="1269" width="410" height="410"/>
    <SubTexture name="frame" x="632" y="643" width="8" height="8"/>
    <SubTexture name="funnel" x="431" y="1657" width="16" height="16"/>
    <SubTexture name="input_disabled" x="413" y="1620" width="35" height="35"/>
    <SubTexture name="input_error" x="450" y="1620" width="35" height="35"/>
    <SubTexture name="input_focus" x="487" y="1620" width="35" height="35"/>
    <SubTexture name="input_normal" x="524" y="1620" width="35" height="35"/>
    <SubTexture name="low_contrast_linen" x="881" y="1122" width="256" height="256"/>
    <SubTexture name="old_mathematics" x="881" y="1380" width="200" height="200"/>
    <SubTexture name="pencil" x="449" y="1657" width="16" height="16"/>
    <SubTexture name="PopupLevelStart" x="1" y="643" width="629" height="624"/>
    <SubTexture name="Source_Sans_Pro" x="632" y="1122" width="128" height="128"/>
    <SubTexture name="spinner_small" x="1165" y="1120" width="20" height="20"/>
</TextureAtlas>
