<?xml version="1.0" encoding="UTF-8"?>
<!-- Created with TexturePacker http://www.codeandweb.com/texturepacker-->
<!-- $TexturePacker:SmartUpdate:b9338672b54874290cd5d3e446701d62:9228d226b052af953f7d3be10ac16572:2a2d9fbadd85a9a2c060110245b13f05$ -->
<TextureAtlas imagePath="sprites_0.png" width="251" height="190">
    <SubTexture name="bg_dark" x="109" y="131" width="20" height="20"/>
    <SubTexture name="bg_dialog" x="131" y="1" width="64" height="64"/>
    <SubTexture name="bg_light" x="191" y="159" width="20" height="20"/>
    <SubTexture name="bg_side" x="75" y="131" width="32" height="32"/>
    <SubTexture name="button_action_disabled" x="197" y="38" width="23" height="23"/>
    <SubTexture name="button_action_down" x="93" y="166" width="23" height="23"/>
    <SubTexture name="button_action_focused" x="131" y="104" width="29" height="29"/>
    <SubTexture name="button_action_normal" x="118" y="166" width="23" height="23"/>
    <SubTexture name="button_action_over" x="143" y="166" width="23" height="23"/>
    <SubTexture name="button_disabled" x="202" y="63" width="23" height="23"/>
    <SubTexture name="button_down" x="222" y="38" width="23" height="23"/>
    <SubTexture name="button_focused" x="131" y="135" width="29" height="29"/>
    <SubTexture name="button_normal" x="227" y="63" width="23" height="23"/>
    <SubTexture name="button_over" x="202" y="88" width="23" height="23"/>
    <SubTexture name="checkbox_checked_disabled" x="1" y="168" width="21" height="21"/>
    <SubTexture name="checkbox_checked_down" x="24" y="168" width="21" height="21"/>
    <SubTexture name="checkbox_checked_focused" x="47" y="168" width="21" height="21"/>
    <SubTexture name="checkbox_checked_normal" x="70" y="168" width="21" height="21"/>
    <SubTexture name="checkbox_indeterminate_disabled" x="227" y="88" width="21" height="21"/>
    <SubTexture name="checkbox_indeterminate_focused" x="162" y="104" width="21" height="21"/>
    <SubTexture name="checkbox_indeterminate_normal" x="162" y="127" width="21" height="21"/>
    <SubTexture name="checkbox_indeterminate_normal_down" x="185" y="113" width="21" height="21"/>
    <SubTexture name="checkbox_unckecked_disabled" x="208" y="113" width="21" height="21"/>
    <SubTexture name="checkbox_unckecked_down" x="185" y="136" width="21" height="21"/>
    <SubTexture name="checkbox_unckecked_focused" x="208" y="136" width="21" height="21"/>
    <SubTexture name="checkbox_unckecked_normal" x="168" y="164" width="21" height="21"/>
    <SubTexture name="delete" x="234" y="1" width="16" height="16"/>
    <SubTexture name="drag" x="168" y="67" width="32" height="32"/>
    <SubTexture name="drop_down" x="162" y="150" width="12" height="12"/>
    <SubTexture name="drop_none" x="231" y="129" width="12" height="12"/>
    <SubTexture name="drop_right" x="231" y="143" width="12" height="12"/>
    <SubTexture name="frame" x="191" y="181" width="8" height="8"/>
    <SubTexture name="funnel" x="234" y="19" width="16" height="16"/>
    <SubTexture name="input_disabled" x="1" y="131" width="35" height="35"/>
    <SubTexture name="input_error" x="131" y="67" width="35" height="35"/>
    <SubTexture name="input_focus" x="197" y="1" width="35" height="35"/>
    <SubTexture name="input_normal" x="38" y="131" width="35" height="35"/>
    <SubTexture name="pencil" x="231" y="111" width="16" height="16"/>
    <SubTexture name="Source_Sans_Pro" x="1" y="1" width="128" height="128"/>
    <SubTexture name="spinner_small" x="213" y="159" width="20" height="20"/>
</TextureAtlas>
