<?xml version="1.0" encoding="UTF-8"?>
<!-- Created with TexturePacker http://www.codeandweb.com/texturepacker-->
<!-- $TexturePacker:SmartUpdate:a87f2a3dbd12468e44fe270a98a0966d:f3a2df707b8731a475675d24a8c46320:2a2d9fbadd85a9a2c060110245b13f05$ -->
<TextureAtlas imagePath="sprites_0.png" width="256" height="237">
    <SubTexture name="bg_dark" x="235" y="67" width="20" height="20"/>
    <SubTexture name="bg_dialog" x="173" y="1" width="64" height="64"/>
    <SubTexture name="bg_light" x="235" y="89" width="20" height="20"/>
    <SubTexture name="bg_side" x="75" y="173" width="32" height="32"/>
    <SubTexture name="button_action_disabled" x="210" y="67" width="23" height="23"/>
    <SubTexture name="button_action_down" x="173" y="141" width="23" height="23"/>
    <SubTexture name="button_action_focused" x="75" y="207" width="29" height="29"/>
    <SubTexture name="button_action_normal" x="143" y="173" width="23" height="23"/>
    <SubTexture name="button_action_over" x="1" y="210" width="23" height="23"/>
    <SubTexture name="button_disabled" x="210" y="92" width="23" height="23"/>
    <SubTexture name="button_down" x="26" y="210" width="23" height="23"/>
    <SubTexture name="button_focused" x="106" y="207" width="29" height="29"/>
    <SubTexture name="button_normal" x="210" y="117" width="23" height="23"/>
    <SubTexture name="button_over" x="198" y="142" width="23" height="23"/>
    <SubTexture name="checkbox_checked_disabled" x="51" y="210" width="21" height="21"/>
    <SubTexture name="checkbox_checked_down" x="223" y="142" width="21" height="21"/>
    <SubTexture name="checkbox_checked_focused" x="143" y="198" width="21" height="21"/>
    <SubTexture name="checkbox_checked_normal" x="173" y="166" width="21" height="21"/>
    <SubTexture name="checkbox_indeterminate_disabled" x="196" y="167" width="21" height="21"/>
    <SubTexture name="checkbox_indeterminate_focused" x="168" y="189" width="21" height="21"/>
    <SubTexture name="checkbox_indeterminate_normal" x="191" y="190" width="21" height="21"/>
    <SubTexture name="checkbox_indeterminate_normal_down" x="166" y="212" width="21" height="21"/>
    <SubTexture name="checkbox_unckecked_disabled" x="189" y="213" width="21" height="21"/>
    <SubTexture name="checkbox_unckecked_down" x="214" y="190" width="21" height="21"/>
    <SubTexture name="checkbox_unckecked_focused" x="212" y="213" width="21" height="21"/>
    <SubTexture name="checkbox_unckecked_normal" x="219" y="167" width="21" height="21"/>
    <SubTexture name="delete" x="239" y="1" width="16" height="16"/>
    <SubTexture name="drag" x="109" y="173" width="32" height="32"/>
    <SubTexture name="drop_down" x="137" y="221" width="12" height="12"/>
    <SubTexture name="drop_none" x="151" y="221" width="12" height="12"/>
    <SubTexture name="drop_right" x="237" y="190" width="12" height="12"/>
    <SubTexture name="funnel" x="239" y="19" width="16" height="16"/>
    <SubTexture name="input_disabled" x="1" y="173" width="35" height="35"/>
    <SubTexture name="input_error" x="173" y="67" width="35" height="35"/>
    <SubTexture name="input_focus" x="38" y="173" width="35" height="35"/>
    <SubTexture name="input_normal" x="173" y="104" width="35" height="35"/>
    <SubTexture name="pencil" x="239" y="37" width="16" height="16"/>
    <SubTexture name="Source_Sans_Pro" x="1" y="1" width="170" height="170"/>
    <SubTexture name="spinner_small" x="235" y="111" width="20" height="20"/>
</TextureAtlas>
