<library>

	<template id="interface">
	  <node width="100%" height="100%" layout="abs">
		<node id="container" width="100%" height="100%" class="transparent" />
		<node id="popups" width="100%" height="100%" layout="abs" halign="center" valign="center"/>
		<bsod id="bsod" width="100%" height="100%" />

		<!--<message class="error">-->
		  <!--<image id="icon"/>-->
		  <!--<node backgroundColor="green" width="*" height="12px" minHeight="*"/>-->
		  <!--<label text="Can't access to file C:\Projects\Interface\Game\src\img\background.png" width="*" height="auto" minHeight="*" halign="left"/>-->
		<!--</message>-->
		<!--<image src="res(crutches)" position="50%" pivot="50%"/>-->

	  </node>
	</template>

	<template id="bsod">
		<node backgroundColor="#008cf0" width="100%" height="100%" layout="abs" alpha="0.8">
			<label text="=(" fontName="Consolas" fontColor="white" fontSize="150px" width="100%" height="100%" />
		</node>
	</template>

	<template id="popup">
		<node position="50%" pivot="50%" width="256px" height="200px" layout="abs" padding="4px">
			<!--<label text="Talon Browser v0.0.1" width="100%" halign="left" />-->
			<node width="15px" height="15px" anchor="0% 100% none none" margin="4px" id="close"/>
		</node>
	</template>

</library>
