<library>

	<template id="Interface">
		<node id="interface" width="100%" height="100%" layout="abs" class="dark">
			<node id="container" width="100%" height="100%" />
			<node id="popups" width="100%" height="100%" layout="abs" halign="center" valign="center"/>
			<node id="bsod" width="100%" height="100%"><label width="100%" height="100%" autoScale="true" text="¯\_(ツ)_/¯" /></node>
		</node>
	</template>

	<template id="UpdatePopup">
		<popup>
			<rewrite mode="content" ref="button" />
		</popup>
	</template>

	<template id="PopupBase" type="popup">
		<node type="popup" layout="flow" orientation="vertical" padding="12px"> 
			<node ihalign="center" margin="none" gap="8px">
				<button label="Update" class="action" />
				<button label="Cancel" />
			</node>
		</node>
	</template>

	<template id="Button" type="button">
		<node type="button" label="label">
			<label text="@label" width="80px" height="32px" />
		</node>
	</template>

</library>

<!--<message class="error">-->
<!--<image id="icon"/>-->
<!--<node backgroundColor="green" width="*" height="12px" minHeight="*"/>-->
<!--<label text="Can't access to file C:\Projects\Interface\Game\src\img\background.png" width="*" height="auto" minHeight="*" halign="left"/>-->
<!--</message>-->
<!--<image src="$(crutches)" position="50%" pivot="50%"/>-->
